ID,N,NC,OC,TL,FD,TF,CM,CO
38081171,301주8248,0회,0회,전손 0회,"침수(전손,분손) 0회",도난 0회,없음,없음
38467061,16나4334,0회,1회,전손 0회,"침수(전손,분손) 0회",도난 0회,없음,"1회/391,800원"
38458728,57부3839,0회,4회,전손 0회,"침수(전손,분손) 0회",도난 0회,"7회6,172,489원","5회/3,508,971원"
38500508,147노6863,0회,1회,전손 0회,"침수(전손,분손) 0회",도난 0회,"1회384,909원","1회/1,581,258원"
38514302,119보8596,0회,0회,전손 0회,"침수(전손,분손) 0회",도난 0회,없음,없음
38370284,27모4388,0회,5회,전손 0회,"침수(전손,분손) 0회",도난 0회,"6회10,776,231원","1회/2,563,120원"
38371132,241버7822,1회,2회,전손 0회,"침수(전손,분손) 0회",도난 0회,"1회3,494,037원",없음
38358156,162고5639,1회,1회,전손 0회,"침수(전손,분손) 0회",도난 0회,"1회726,440원","1회/1,335,571원"
38402514,361조6753,0회,0회,전손 0회,"침수(전손,분손) 0회",도난 0회,"1회1,218,691원","1회/1,382,023원"
38150126,237노1849,0회,2회,전손 0회,"침수(전손,분손) 0회",도난 0회,"1회736,719원",없음
38436323,315마4965,0회,8회,전손 0회,"침수(전손,분손) 0회",도난 0회,없음,없음
38151833,285수8060,1회,1회,전손 0회,"침수(전손,분손) 0회",도난 0회,없음,없음
38569062,38거9893,0회,2회,전손 0회,"침수(전손,분손) 0회",도난 0회,없음,없음
38583442,28버6774,0회,1회,전손 0회,"침수(전손,분손) 0회",도난 0회,없음,없음
38479166,16조5131,0회,1회,전손 0회,"침수(전손,분손) 0회",도난 0회,"1회16,528,550원",없음
38484655,144오3181,0회,0회,전손 0회,"침수(전손,분손) 0회",도난 0회,없음,없음
38533043,105버9345,0회,1회,전손 0회,"침수(전손,분손) 0회",도난 0회,없음,없음
38124413,166너1254,0회,1회,전손 0회,"침수(전손,분손) 0회",도난 0회,없음,없음
38412314,38러6519,0회,3회,전손 0회,"침수(전손,분손) 0회",도난 0회,"3회1,483,067원",없음
38634460,67도1174,0회,2회,전손 0회,"침수(전손,분손) 0회",도난 0회,없음,"1회/589,600원"
38258155,19소8399,0회,0회,전손 0회,"침수(전손,분손) 0회",도난 0회,"2회5,102,617원","1회/245,080원"
38467556,33러7391,0회,2회,전손 0회,"침수(전손,분손) 0회",도난 0회,"3회5,403,379원",없음
38628054,228너5247,1회,2회,전손 0회,"침수(전손,분손) 0회",도난 0회,"1회804,529원","3회/3,944,730원"
38273648,148더9702,1회,1회,전손 0회,"침수(전손,분손) 0회",도난 0회,없음,없음
38569882,31버2318,0회,2회,전손 0회,"침수(전손,분손) 0회",도난 0회,"2회2,071,990원","2회/1,092,660원"
38597335,165나4742,0회,1회,전손 0회,"침수(전손,분손) 0회",도난 0회,"1회419,228원",없음
38507725,39머3583,0회,1회,전손 0회,"침수(전손,분손) 0회",도난 0회,"1회182,038원","1회/493,606원"
38600359,338모7926,0회,0회,전손 0회,"침수(전손,분손) 0회",도난 0회,없음,없음
38406952,257가6442,0회,1회,전손 0회,"침수(전손,분손) 0회",도난 0회,"6회3,751,540원","4회/2,691,530원"
38123215,37누4599,0회,1회,전손 0회,"침수(전손,분손) 0회",도난 0회,"5회6,429,116원","3회/9,225,290원"
38418716,40라7963,0회,4회,전손 0회,"침수(전손,분손) 0회",도난 0회,없음,"1회/1,739,964원"
38445033,217머5749,1회,3회,전손 0회,"침수(전손,분손) 0회",도난 0회,"2회1,521,130원","1회/548,794원"
38278343,200허2180,0회,0회,전손 0회,"침수(전손,분손) 0회",도난 0회,없음,없음
37826084,278부4235,1회,3회,전손 0회,"침수(전손,분손) 0회",도난 0회,"2회1,975,501원",없음
38438567,51도1448,0회,3회,전손 0회,"침수(전손,분손) 0회",도난 0회,"1회397,422원",없음
38557991,55로0457,0회,2회,전손 0회,"침수(전손,분손) 0회",도난 0회,"2회2,340,484원","1회/514,378원"
38422381,271조4243,1회,3회,전손 0회,"침수(전손,분손) 0회",도난 0회,"4회4,378,031원","2회/1,430,751원"
38259716,39노4369,0회,1회,전손 0회,"침수(전손,분손) 0회",도난 0회,"3회3,226,878원",없음
38567739,28마8169,0회,2회,전손 0회,"침수(전손,분손) 0회",도난 0회,"2회2,173,580원","1회/1,500,000원"
37848271,184부9930,1회,1회,전손 0회,"침수(전손,분손) 0회",도난 0회,"3회6,878,172원","1회/1,242,313원"
38434778,04루5097,0회,1회,전손 0회,"침수(전손,분손) 0회",도난 0회,"2회4,996,090원",없음
38275043,23버0610,1회,2회,전손 0회,"침수(전손,분손) 0회",도난 0회,"5회5,500,750원","3회/2,389,509원"
38394215,152너9253,1회,2회,전손 0회,"침수(전손,분손) 0회",도난 0회,없음,"1회/531,910원"
38453084,133어8826,0회,1회,전손 0회,"침수(전손,분손) 0회",도난 0회,없음,없음
38548333,119우4772,1회,1회,전손 0회,"침수(전손,분손) 0회",도난 0회,"1회959,050원","1회/3,527,230원"
37363509,164라5576,1회,3회,전손 0회,"침수(전손,분손) 0회",도난 0회,없음,없음
38592798,32구5712,0회,0회,전손 0회,"침수(전손,분손) 0회",도난 0회,"4회4,654,281원","1회/692,278원"
38572268,120구9549,0회,0회,전손 0회,"침수(전손,분손) 0회",도난 0회,"6회13,995,945원",없음
38270732,115우7149,1회,0회,전손 0회,"침수(전손,분손) 0회",도난 0회,2회미확정,"1회/600,000원"
38529574,25버1172,0회,2회,전손 0회,"침수(전손,분손) 0회",도난 0회,"3회4,917,387원","1회/4,218,600원"
38573878,28버6774,0회,1회,전손 0회,"침수(전손,분손) 0회",도난 0회,없음,없음
38580213,23무0501,0회,2회,전손 0회,"침수(전손,분손) 0회",도난 0회,"3회7,816,896원","1회/3,676,113원"
37985125,47마3916,0회,4회,전손 0회,"침수(전손,분손) 0회",도난 0회,"3회2,573,562원","2회/1,253,540원"
38556419,166가5827,0회,1회,전손 0회,"침수(전손,분손) 0회",도난 0회,"3회675,451원","1회/567,384원"
38467540,161구2278,0회,0회,전손 0회,"침수(전손,분손) 0회",도난 0회,없음,없음
38293585,26머9848,0회,2회,전손 0회,"침수(전손,분손) 0회",도난 0회,없음,없음
38467557,281로3408,1회,2회,전손 0회,"침수(전손,분손) 0회",도난 0회,"2회883,384원",없음
37798904,29누3767,1회,1회,전손 0회,"침수(전손,분손) 0회",도난 0회,"2회57,901,000원",1회/미확정
38639023,223부3631,0회,0회,전손 0회,"침수(전손,분손) 0회",도난 0회,없음,없음
38623770,24저4804,0회,2회,전손 0회,"침수(전손,분손) 0회",도난 0회,"1회1,337,560원",없음
38557950,263오2187,0회,2회,전손 0회,"침수(전손,분손) 0회",도난 0회,없음,없음
38434114,18로8359,0회,0회,전손 0회,"침수(전손,분손) 0회",도난 0회,"1회3,506,498원","1회/5,676,760원"
38503475,138마2527,0회,0회,전손 0회,"침수(전손,분손) 0회",도난 0회,없음,없음
37817239,245구3078,1회,1회,전손 0회,"침수(전손,분손) 0회",도난 0회,"3회1,997,880원",없음
38464560,90보6348,0회,0회,전손 0회,"침수(전손,분손) 0회",도난 0회,"1회704,040원","1회/1,515,980원"
38490526,243고7901,0회,1회,전손 0회,"침수(전손,분손) 0회",도난 0회,없음,없음
38103219,261러9209,0회,1회,전손 0회,"침수(전손,분손) 0회",도난 0회,없음,없음
37538887,45모4479,0회,0회,전손 0회,"침수(전손,분손) 0회",도난 0회,"1회1,340,000원","2회/11,286,254원"
38448964,18로8359,0회,0회,전손 0회,"침수(전손,분손) 0회",도난 0회,"1회3,506,498원","1회/5,676,760원"
38354272,254너2180,1회,1회,전손 0회,"침수(전손,분손) 0회",도난 0회,"4회5,699,496원",없음
38227584,53두0936,1회,3회,전손 0회,"침수(전손,분손) 0회",도난 0회,"3회2,813,968원","1회/250,000원"
37687740,398소7344,1회,3회,전손 0회,"침수(전손,분손) 0회",도난 0회,"4회2,390,644원","2회/1,173,888원"
38575562,22저5865,0회,0회,전손 0회,"침수(전손,분손) 0회",도난 0회,"2회1,095,200원","2회/978,310원"
38596622,158나4775,0회,2회,전손 0회,"침수(전손,분손) 0회",도난 0회,없음,없음
38496134,182호4904,0회,0회,전손 0회,"침수(전손,분손) 0회",도난 0회,"1회718,216원","3회/4,220,484원"
38603568,222주5882,0회,1회,전손 0회,"침수(전손,분손) 0회",도난 0회,없음,없음
38531037,333수8877,1회,3회,전손 0회,"침수(전손,분손) 0회",도난 0회,없음,없음
38310295,191다9139,0회,0회,전손 0회,"침수(전손,분손) 0회",도난 0회,"1회1,300,000원",없음
37961191,28두8415,0회,2회,전손 0회,"침수(전손,분손) 0회",도난 0회,"1회603,800원",없음
38358913,397노9126,0회,1회,전손 0회,"침수(전손,분손) 0회",도난 0회,없음,없음
38522045,290저2748,0회,0회,전손 0회,"침수(전손,분손) 0회",도난 0회,없음,없음
38025304,192두1484,1회,1회,전손 0회,"침수(전손,분손) 0회",도난 0회,"1회456,761원","1회/1,275,709원"
38607900,127루1818,2회,23회,전손 0회,"침수(전손,분손) 0회",도난 0회,"9회13,916,283원","2회/1,796,378원"
37954684,136더2535,1회,3회,전손 0회,"침수(전손,분손) 0회",도난 0회,없음,없음
38466844,322우7734,1회,1회,전손 0회,"침수(전손,분손) 0회",도난 0회,없음,없음
38638425,262보1913,0회,1회,전손 0회,"침수(전손,분손) 0회",도난 0회,"1회2,030,200원",없음
38499166,208거7455,0회,0회,전손 0회,"침수(전손,분손) 0회",도난 0회,"1회751,300원","2회/3,891,590원"
37184894,31누3755,0회,4회,전손 0회,"침수(전손,분손) 0회",도난 0회,"2회2,746,438원",없음
38495759,147노6863,0회,1회,전손 0회,"침수(전손,분손) 0회",도난 0회,"1회384,909원","1회/1,581,258원"
38564130,263오2187,0회,2회,전손 0회,"침수(전손,분손) 0회",도난 0회,없음,없음
38621060,24저4804,0회,2회,전손 0회,"침수(전손,분손) 0회",도난 0회,"1회1,337,560원",없음
38608256,24서0318,1회,5회,전손 0회,"침수(전손,분손) 0회",도난 0회,없음,"1회/805,090원"
38276098,148더9702,1회,1회,전손 0회,"침수(전손,분손) 0회",도난 0회,없음,없음
38615357,07부0340,0회,6회,전손 0회,"침수(전손,분손) 0회",도난 0회,없음,없음
38237425,05모8345,0회,0회,전손 0회,"침수(전손,분손) 0회",도난 0회,없음,없음
38481370,239노5943,0회,1회,전손 0회,"침수(전손,분손) 0회",도난 0회,"1회1,183,539원",없음
38356704,235구8662,0회,1회,전손 0회,"침수(전손,분손) 0회",도난 0회,없음,없음
37710536,98오1138,0회,1회,전손 0회,"침수(전손,분손) 0회",도난 0회,"1회505,690원",없음
38587210,15로1077,0회,1회,전손 0회,"침수(전손,분손) 0회",도난 0회,없음,없음
38270843,51오3110,0회,3회,전손 0회,"침수(전손,분손) 0회",도난 0회,없음,없음
38436006,255다4087,1회,2회,전손 0회,"침수(전손,분손) 0회",도난 0회,없음,없음
38529015,182보3737,0회,1회,전손 0회,"침수(전손,분손) 0회",도난 0회,"1회862,384원","1회/1,126,883원"
38614867,07부0340,0회,6회,전손 0회,"침수(전손,분손) 0회",도난 0회,없음,없음
38387184,04조6405,0회,1회,전손 0회,"침수(전손,분손) 0회",도난 0회,없음,없음
38573896,184모8827,1회,2회,전손 0회,"침수(전손,분손) 0회",도난 0회,"1회42,750원","1회/400,919원"
38349404,152마6620,1회,1회,전손 0회,"침수(전손,분손) 0회",도난 0회,"2회1,614,389원","1회/600,000원"
38333199,264루6081,1회,2회,전손 0회,"침수(전손,분손) 0회",도난 0회,없음,없음
38542240,55수0737,0회,1회,전손 0회,"침수(전손,분손) 0회",도난 0회,"1회695,706원",없음
38602622,358무6267,1회,3회,전손 0회,"침수(전손,분손) 0회",도난 0회,"3회2,009,838원","1회/1,413,618원"
38429662,180버1355,0회,3회,전손 0회,"침수(전손,분손) 0회",도난 0회,"2회761,554원",없음
37364013,279거5696,2회,3회,전손 0회,"침수(전손,분손) 0회",도난 0회,"2회1,384,039원","1회/301,510원"
38410356,충남51바9002,0회,0회,전손 0회,"침수(전손,분손) 0회",도난 0회,없음,없음
38571078,01다4013,0회,1회,전손 0회,"침수(전손,분손) 0회",도난 0회,"1회1,680,203원",없음
38240084,60어9847,0회,2회,전손 0회,"침수(전손,분손) 0회",도난 0회,"2회1,773,190원","1회/468,684원"
38565192,25고6872,1회,1회,전손 0회,"침수(전손,분손) 0회",도난 0회,없음,없음
38624594,205다2596,1회,1회,전손 0회,"침수(전손,분손) 0회",도난 0회,없음,없음
37984635,241소9791,1회,2회,전손 0회,"침수(전손,분손) 0회",도난 0회,"8회6,293,461원","4회/3,218,210원"
38560482,47더8035,0회,2회,전손 0회,"침수(전손,분손) 0회",도난 0회,"1회511,337원",1회/미확정
38422490,158라3853,1회,6회,전손 0회,"침수(전손,분손) 0회",도난 0회,"2회5,903,700원",없음
38559032,279누5884,0회,0회,전손 0회,"침수(전손,분손) 0회",도난 0회,없음,없음
38487181,223누2648,1회,2회,전손 0회,"침수(전손,분손) 0회",도난 0회,"2회1,820,419원","2회/1,285,142원"
38474417,123러6248,0회,0회,전손 0회,"침수(전손,분손) 0회",도난 0회,"1회2,789,730원",없음
38537275,316모8799,0회,0회,전손 0회,"침수(전손,분손) 0회",도난 0회,"1회1,772,300원",없음
38433849,108마2308,1회,1회,전손 0회,"침수(전손,분손) 0회",도난 0회,없음,없음
38509837,47마1631,0회,2회,전손 0회,"침수(전손,분손) 0회",도난 0회,"5회5,451,810원","5회/14,308,930원"
38556516,72라5517,0회,1회,전손 0회,"침수(전손,분손) 0회",도난 0회,없음,없음
38554144,243무8010,1회,1회,전손 0회,"침수(전손,분손) 0회",도난 0회,"1회529,202원",없음
38558198,211누2637,1회,1회,전손 0회,"침수(전손,분손) 0회",도난 0회,없음,없음
38334421,199로2860,0회,1회,전손 0회,"침수(전손,분손) 0회",도난 0회,없음,없음
38492298,239노5943,0회,1회,전손 0회,"침수(전손,분손) 0회",도난 0회,"1회1,183,539원",없음
36839087,41두1566,0회,3회,전손 0회,"침수(전손,분손) 0회",도난 0회,"1회892,920원","2회/2,173,530원"
38534272,241라2053,0회,1회,전손 0회,"침수(전손,분손) 0회",도난 0회,"1회374,254원","2회/1,544,141원"
38340034,155허7299,0회,0회,전손 0회,"침수(전손,분손) 0회",도난 0회,"3회5,915,154원",없음
38370285,46러0648,0회,1회,전손 0회,"침수(전손,분손) 0회",도난 0회,"1회451,090원",없음
38619809,42주6031,0회,1회,전손 0회,"침수(전손,분손) 0회",도난 0회,"1회543,340원","1회/720,122원"
38401664,216라1352,1회,1회,전손 0회,"침수(전손,분손) 0회",도난 0회,없음,없음
38442800,28조3754,1회,7회,전손 0회,"침수(전손,분손) 0회",도난 0회,"1회649,084원","1회/3,217,896원"
37389976,11소0120,0회,1회,전손 0회,"침수(전손,분손) 0회",도난 0회,"2회3,980,030원","1회/772,730원"
38431819,97로3339,0회,1회,전손 0회,"침수(전손,분손) 0회",도난 0회,"3회4,758,630원","3회/2,511,700원"
38424406,20버0111,0회,2회,전손 0회,"침수(전손,분손) 0회",도난 0회,없음,없음
38514028,143도4002,0회,0회,전손 0회,"침수(전손,분손) 0회",도난 0회,"3회2,280,739원","2회/1,050,449원"
38515578,370우7747,0회,0회,전손 0회,"침수(전손,분손) 0회",도난 0회,"1회455,210원",없음
38191041,14서0849,1회,2회,전손 0회,"침수(전손,분손) 0회",도난 0회,없음,없음
38560548,153더1509,1회,1회,전손 0회,"침수(전손,분손) 0회",도난 0회,없음,없음
38466707,168수3246,0회,5회,전손 0회,"침수(전손,분손) 0회",도난 0회,"1회703,227원","1회/1,132,404원"
38009643,198저6905,0회,2회,전손 0회,"침수(전손,분손) 0회",도난 0회,없음,없음
38237426,05모8345,0회,0회,전손 0회,"침수(전손,분손) 0회",도난 0회,없음,없음
38107360,95루0228,0회,2회,전손 0회,"침수(전손,분손) 0회",도난 0회,"2회1,397,858원",없음
38612238,222서8255,1회,1회,전손 0회,"침수(전손,분손) 0회",도난 0회,"1회464,729원","1회/1,048,980원"
38545130,124보5470,1회,1회,전손 0회,"침수(전손,분손) 0회",도난 0회,없음,없음
38509286,60루0515,0회,4회,전손 0회,"침수(전손,분손) 0회",도난 0회,"5회5,664,568원","2회/1,265,125원"
37379269,279거5696,2회,3회,전손 0회,"침수(전손,분손) 0회",도난 0회,"2회1,384,039원","1회/301,510원"
38597755,73하9196,0회,0회,전손 0회,"침수(전손,분손) 0회",도난 0회,1회미확정,없음
38485694,333부3474,0회,1회,전손 0회,"침수(전손,분손) 0회",도난 0회,없음,없음
38143966,237노1849,0회,2회,전손 0회,"침수(전손,분손) 0회",도난 0회,"1회736,719원",없음
38436035,59소1560,0회,1회,전손 0회,"침수(전손,분손) 0회",도난 0회,없음,없음
38134068,100더2445,1회,3회,전손 0회,"침수(전손,분손) 0회",도난 0회,"2회2,108,508원","2회/4,784,259원"
38470281,62루3968,1회,5회,전손 0회,"침수(전손,분손) 0회",도난 0회,"6회5,002,710원",없음
38605742,60러6474,0회,3회,전손 0회,"침수(전손,분손) 0회",도난 0회,"4회5,323,087원","2회/2,306,110원"
38614855,11어6738,0회,1회,전손 0회,"침수(전손,분손) 0회",도난 0회,"2회1,394,718원","2회/912,302원"
38522065,59모3278,0회,2회,전손 0회,"침수(전손,분손) 0회",도난 0회,"3회1,729,514원",없음
38240936,222무4774,1회,1회,전손 0회,"침수(전손,분손) 0회",도난 0회,"1회594,610원",없음
38401660,04조6405,0회,1회,전손 0회,"침수(전손,분손) 0회",도난 0회,없음,없음
38103075,306나4572,1회,1회,전손 0회,"침수(전손,분손) 0회",도난 0회,"1회938,873원","3회/2,154,421원"
38303208,41거1612,0회,1회,전손 0회,"침수(전손,분손) 0회",도난 0회,"1회793,040원",없음
38593137,710하1043,0회,0회,전손 0회,"침수(전손,분손) 0회",도난 0회,"1회1,958,780원",없음
38499710,01구3205,0회,1회,전손 0회,"침수(전손,분손) 0회",도난 0회,"2회3,024,139원","1회/361,750원"
38504318,243고7901,0회,1회,전손 0회,"침수(전손,분손) 0회",도난 0회,없음,없음
38107830,36다9409,0회,2회,전손 0회,"침수(전손,분손) 0회",도난 0회,"3회2,074,319원",없음
38342745,199로2860,0회,1회,전손 0회,"침수(전손,분손) 0회",도난 0회,없음,없음
38416016,40라7963,0회,4회,전손 0회,"침수(전손,분손) 0회",도난 0회,없음,"1회/1,739,964원"
38543006,279누5884,0회,0회,전손 0회,"침수(전손,분손) 0회",도난 0회,없음,없음
38587595,205다2579,1회,1회,전손 0회,"침수(전손,분손) 0회",도난 0회,"2회1,169,767원",없음
38122498,23어8245,0회,4회,전손 0회,"침수(전손,분손) 0회",도난 0회,"5회3,575,563원","3회/2,726,605원"
38334012,264루6081,1회,2회,전손 0회,"침수(전손,분손) 0회",도난 0회,없음,없음
38399208,337누6631,0회,1회,전손 0회,"침수(전손,분손) 0회",도난 0회,"1회551,850원",없음
38430121,114루6733,1회,3회,전손 0회,"침수(전손,분손) 0회",도난 0회,없음,없음
38618306,42주6031,0회,1회,전손 0회,"침수(전손,분손) 0회",도난 0회,"1회543,340원","1회/720,122원"
37908768,127라4791,1회,1회,전손 0회,"침수(전손,분손) 0회",도난 0회,"1회1,357,789원",없음
38373944,36도3229,0회,2회,전손 0회,"침수(전손,분손) 0회",도난 0회,"5회8,148,056원","6회/4,912,194원"
37658198,143거1512,1회,1회,전손 0회,"침수(전손,분손) 0회",도난 0회,없음,"2회/1,486,000원"
38587867,213구6432,1회,2회,전손 0회,"침수(전손,분손) 0회",도난 0회,없음,없음
38444594,06거9317,0회,3회,전손 0회,"침수(전손,분손) 0회",도난 0회,"1회888,900원","1회/903,749원"
38489013,237다1093,0회,0회,전손 0회,"침수(전손,분손) 0회",도난 0회,없음,없음
38261495,20마0387,1회,7회,전손 0회,"침수(전손,분손) 0회",도난 0회,"5회4,007,383원","2회/2,345,359원"
38213221,148더9719,1회,1회,전손 0회,"침수(전손,분손) 0회",도난 0회,없음,없음
38544028,241라2053,0회,1회,전손 0회,"침수(전손,분손) 0회",도난 0회,"1회374,254원","2회/1,544,141원"
38421740,180버1355,0회,3회,전손 0회,"침수(전손,분손) 0회",도난 0회,"2회761,554원",없음
38211273,12너0383,0회,2회,전손 0회,"침수(전손,분손) 0회",도난 0회,"2회918,778원","1회/215,458원"
38604102,159가5065,1회,1회,전손 0회,"침수(전손,분손) 0회",도난 0회,"1회714,494원",없음
38539148,262너8459,1회,1회,전손 0회,"침수(전손,분손) 0회",도난 0회,없음,없음
38353938,180오7189,1회,1회,전손 0회,"침수(전손,분손) 0회",도난 0회,없음,없음
38469315,128허8600,0회,0회,전손 0회,"침수(전손,분손) 0회",도난 0회,"1회463,269원",없음
38154862,10도5969,0회,1회,전손 0회,"침수(전손,분손) 0회",도난 0회,"1회1,306,814원",없음
38211306,197서4221,1회,1회,전손 0회,"침수(전손,분손) 0회",도난 0회,"3회4,275,549원",없음
38499925,176로4348,1회,1회,전손 0회,"침수(전손,분손) 0회",도난 0회,없음,"1회/1,122,670원"
38411751,239다9834,1회,2회,전손 0회,"침수(전손,분손) 0회",도난 0회,"1회908,290원",없음
38557065,120노6987,0회,1회,전손 0회,"침수(전손,분손) 0회",도난 0회,없음,없음
37797573,246고3077,1회,2회,전손 0회,"침수(전손,분손) 0회",도난 0회,"3회5,812,276원","2회/10,000,000원"
38291092,130모9703,1회,1회,전손 0회,"침수(전손,분손) 0회",도난 0회,"1회437,523원",없음
35888578,56수6141,2회,6회,전손 0회,"침수(전손,분손) 0회",도난 0회,"11회34,439,249원","1회/668,118원"
38612820,222서8255,1회,1회,전손 0회,"침수(전손,분손) 0회",도난 0회,"1회464,729원","1회/1,048,980원"
38447578,65노1771,0회,1회,전손 0회,"침수(전손,분손) 0회",도난 0회,없음,없음
38373433,373보4382,0회,0회,전손 0회,"침수(전손,분손) 0회",도난 0회,"2회4,483,069원","3회/3,753,659원"
38443581,315마4965,0회,8회,전손 0회,"침수(전손,분손) 0회",도난 0회,없음,없음
36441888,286어4734,1회,1회,전손 0회,"침수(전손,분손) 0회",도난 0회,없음,"3회/3,183,761원"
38487773,15다2214,0회,3회,전손 0회,"침수(전손,분손) 0회",도난 0회,"3회2,082,140원","1회/628,220원"
38502242,138마2527,0회,0회,전손 0회,"침수(전손,분손) 0회",도난 0회,없음,없음
38393579,22가8599,0회,3회,전손 0회,"침수(전손,분손) 0회",도난 0회,"1회825,610원","4회/3,794,608원"
38477975,251수9650,1회,2회,전손 0회,"침수(전손,분손) 0회",도난 0회,없음,"1회/820,119원"
38583458,144도8829,1회,1회,전손 0회,"침수(전손,분손) 0회",도난 0회,"1회975,659원",없음
38080014,38구0601,0회,8회,전손 0회,"침수(전손,분손) 0회",도난 0회,"4회6,939,319원","2회/1,863,163원"
38536554,59루8143,0회,3회,전손 0회,"침수(전손,분손) 0회",도난 0회,"2회2,058,630원","1회/661,538원"
37953972,136더2535,1회,3회,전손 0회,"침수(전손,분손) 0회",도난 0회,없음,없음
38218179,148더9719,1회,1회,전손 0회,"침수(전손,분손) 0회",도난 0회,없음,없음
38567905,25고6872,1회,1회,전손 0회,"침수(전손,분손) 0회",도난 0회,없음,없음
38344385,133다6634,0회,0회,전손 0회,"침수(전손,분손) 0회",도난 0회,없음,없음
37816471,221누9142,1회,1회,전손 0회,"침수(전손,분손) 0회",도난 0회,"1회442,407원",없음
38633818,245소8990,0회,3회,전손 0회,"침수(전손,분손) 0회",도난 0회,없음,없음
38518333,39머3583,0회,1회,전손 0회,"침수(전손,분손) 0회",도난 0회,"1회182,038원","1회/493,606원"
38501922,19라3829,1회,4회,전손 0회,"침수(전손,분손) 0회",도난 0회,"1회1,487,183원","1회/3,626,186원"
38487912,116모8129,1회,2회,전손 0회,"침수(전손,분손) 0회",도난 0회,"7회9,190,701원","2회/9,159,360원"
38320030,132부3571,1회,2회,전손 0회,"침수(전손,분손) 0회",도난 0회,"2회2,015,314원","3회/3,102,207원"
37604756,67누3474,0회,2회,전손 0회,"침수(전손,분손) 0회",도난 0회,"1회539,500원","3회/1,642,736원"
38578357,85부7232,0회,1회,전손 0회,"침수(전손,분손) 0회",도난 0회,없음,"1회/3,372,530원"
38296601,390우3696,0회,0회,전손 0회,"침수(전손,분손) 0회",도난 0회,"3회6,006,934원","1회/696,220원"
38496282,21보8459,0회,4회,전손 0회,"침수(전손,분손) 0회",도난 0회,"6회3,779,552원","3회/1,856,390원"
38405933,15서5907,0회,2회,전손 0회,"침수(전손,분손) 0회",도난 0회,"5회9,432,694원","4회/3,571,574원"
38446726,126나7141,0회,1회,전손 0회,"침수(전손,분손) 0회",도난 0회,없음,"1회/841,440원"
38591553,67두9544,1회,3회,전손 0회,"침수(전손,분손) 0회",도난 0회,"1회773,370원","1회/3,132,010원"
38172050,278주2564,0회,0회,전손 0회,"침수(전손,분손) 0회",도난 0회,없음,없음
38584381,15로1077,0회,1회,전손 0회,"침수(전손,분손) 0회",도난 0회,없음,없음
38516149,33너1638,1회,4회,전손 0회,"침수(전손,분손) 0회",도난 0회,"1회684,143원",없음
38609724,377주9014,0회,6회,전손 0회,"침수(전손,분손) 0회",도난 0회,"1회874,131원",없음
38596625,24부3863,0회,1회,전손 0회,"침수(전손,분손) 0회",도난 0회,없음,없음
38566606,27모2568,1회,7회,전손 0회,"침수(전손,분손) 0회",도난 0회,"2회2,133,996원","2회/1,474,234원"
38622679,205다2596,1회,1회,전손 0회,"침수(전손,분손) 0회",도난 0회,없음,없음
38169386,117나8625,0회,1회,전손 0회,"침수(전손,분손) 0회",도난 0회,"1회1,313,640원",없음
37785025,71라9755,1회,8회,전손 0회,"침수(전손,분손) 0회",도난 0회,"4회3,342,819원","1회/1,245,910원"
38539486,124보5470,1회,1회,전손 0회,"침수(전손,분손) 0회",도난 0회,없음,없음
36971943,266무8654,1회,1회,전손 0회,"침수(전손,분손) 0회",도난 0회,"1회451,427원",없음
38327800,191다9139,0회,0회,전손 0회,"침수(전손,분손) 0회",도난 0회,"1회1,300,000원",없음
38146417,223부6963,1회,2회,전손 0회,"침수(전손,분손) 0회",도난 0회,"1회734,990원",없음
37849908,179머9091,1회,1회,전손 0회,"침수(전손,분손) 0회",도난 0회,없음,"1회/765,669원"
38595636,241우2019,0회,1회,전손 0회,"침수(전손,분손) 0회",도난 0회,없음,없음
38607533,332러2743,1회,1회,전손 0회,"침수(전손,분손) 0회",도난 0회,"2회1,014,539원","4회/2,213,328원"
38508895,261루4164,1회,1회,전손 0회,"침수(전손,분손) 0회",도난 0회,"2회959,518원",없음
38477330,172호9967,0회,0회,전손 0회,"침수(전손,분손) 0회",도난 0회,없음,없음
38519271,245주9036,0회,1회,전손 0회,"침수(전손,분손) 0회",도난 0회,없음,없음
38586923,292거7278,0회,5회,전손 0회,"침수(전손,분손) 0회",도난 0회,"2회8,467,780원","2회/2,874,270원"
38500326,185수6638,0회,2회,전손 0회,"침수(전손,분손) 0회",도난 0회,"1회1,791,230원",없음
38321285,357두5440,0회,2회,전손 0회,"침수(전손,분손) 0회",도난 0회,1회미확정,없음
38174273,244보9267,0회,2회,전손 0회,"침수(전손,분손) 0회",도난 0회,"2회1,154,950원","1회/854,440원"
38599670,301더3924,1회,2회,전손 0회,"침수(전손,분손) 0회",도난 0회,"2회2,163,594원",없음
38381624,34조0662,0회,5회,전손 0회,"침수(전손,분손) 0회",도난 0회,"7회8,951,236원","6회/7,012,444원"
38358946,68마6680,0회,1회,전손 0회,"침수(전손,분손) 0회",도난 0회,"2회7,334,530원","1회/1,390,008원"
38558838,211수8178,1회,1회,전손 0회,"침수(전손,분손) 0회",도난 0회,"1회327,804원",없음
38489172,299마5791,0회,1회,전손 0회,"침수(전손,분손) 0회",도난 0회,없음,없음
38195017,195수5854,0회,1회,전손 0회,"침수(전손,분손) 0회",도난 0회,"2회5,230,580원",없음
38504168,334나4337,0회,0회,전손 0회,"침수(전손,분손) 0회",도난 0회,"1회866,650원","2회/1,602,080원"
38618501,154모5781,0회,1회,전손 0회,"침수(전손,분손) 0회",도난 0회,"1회2,545,630원",없음
38482214,141호8935,0회,0회,전손 0회,"침수(전손,분손) 0회",도난 0회,"1회1,080,000원",없음
38618247,123거3245,0회,1회,전손 0회,"침수(전손,분손) 0회",도난 0회,없음,없음
38074572,252무5623,1회,0회,전손 0회,"침수(전손,분손) 0회",도난 0회,"1회435,150원",없음
38638461,251가7516,0회,0회,전손 0회,"침수(전손,분손) 0회",도난 0회,없음,없음
38028882,182다8374,0회,2회,전손 0회,"침수(전손,분손) 0회",도난 0회,"2회620,000원",없음
38583470,169거6696,0회,3회,전손 0회,"침수(전손,분손) 0회",도난 0회,"1회1,580,544원","1회/721,161원"
38611585,244주8476,1회,1회,전손 0회,"침수(전손,분손) 0회",도난 0회,없음,없음
38416151,159무1557,0회,1회,전손 0회,"침수(전손,분손) 0회",도난 0회,"2회1,271,425원",없음
37703949,303러6846,0회,0회,전손 0회,"침수(전손,분손) 0회",도난 0회,없음,없음
38491126,239마3249,1회,1회,전손 0회,"침수(전손,분손) 0회",도난 0회,없음,없음
38377854,350오4681,1회,1회,전손 0회,"침수(전손,분손) 0회",도난 0회,"2회1,150,737원","2회/1,457,265원"
34964670,354소2462,1회,1회,전손 0회,"침수(전손,분손) 0회",도난 0회,"2회4,684,624원","1회/1,300,000원"
38361889,152마6630,1회,0회,전손 0회,"침수(전손,분손) 0회",도난 0회,없음,없음
38404758,132서6066,1회,1회,전손 0회,"침수(전손,분손) 0회",도난 0회,"2회3,878,759원",없음
38583462,142소4112,0회,1회,전손 0회,"침수(전손,분손) 0회",도난 0회,없음,없음
38491471,299마5791,0회,1회,전손 0회,"침수(전손,분손) 0회",도난 0회,없음,없음
38056914,146서1086,1회,1회,전손 0회,"침수(전손,분손) 0회",도난 0회,"3회2,808,811원","1회/1,372,081원"
38122702,40다4219,0회,1회,전손 0회,"침수(전손,분손) 0회",도난 0회,"9회29,334,537원","6회/7,863,650원"
38601115,236머4078,1회,1회,전손 0회,"침수(전손,분손) 0회",도난 0회,"7회8,246,141원",없음
38444802,172구1434,1회,3회,전손 0회,"침수(전손,분손) 0회",도난 0회,"1회649,140원",없음
38437915,197서2787,1회,2회,전손 0회,"침수(전손,분손) 0회",도난 0회,1회미확정,"1회/4,645,490원"
38496248,322서1715,1회,1회,전손 0회,"침수(전손,분손) 0회",도난 0회,없음,"1회/3,844,829원"
38239587,195호2032,0회,0회,전손 0회,"침수(전손,분손) 0회",도난 0회,없음,없음
38166635,56조9002,0회,3회,전손 0회,"침수(전손,분손) 0회",도난 0회,"4회2,649,200원",없음
38454582,62오8373,0회,2회,전손 0회,"침수(전손,분손) 0회",도난 0회,"2회4,151,969원",없음
38596874,186오2398,0회,1회,전손 0회,"침수(전손,분손) 0회",도난 0회,"1회390,000원",없음
38612156,383어4710,0회,1회,전손 0회,"침수(전손,분손) 0회",도난 0회,없음,없음
38235758,194호7075,0회,0회,전손 0회,"침수(전손,분손) 0회",도난 0회,"1회533,930원",없음
38090644,39부4866,0회,4회,전손 0회,"침수(전손,분손) 0회",도난 0회,"1회1,066,500원","1회/2,545,850원"
38208715,380오7039,0회,1회,전손 0회,"침수(전손,분손) 0회",도난 0회,없음,없음
38253608,160로4555,1회,1회,전손 0회,"침수(전손,분손) 0회",도난 0회,"1회1,629,310원",없음
38601239,68수1276,0회,2회,전손 0회,"침수(전손,분손) 0회",도난 0회,"1회1,234,959원",없음
38529718,141버8685,1회,5회,전손 0회,"침수(전손,분손) 0회",도난 0회,"2회824,155원","1회/480,600원"
38208569,261너9265,0회,0회,전손 0회,"침수(전손,분손) 0회",도난 0회,없음,없음
38036186,61로6305,0회,1회,전손 0회,"침수(전손,분손) 0회",도난 0회,"1회469,918원",없음
38465694,344너6896,1회,1회,전손 0회,"침수(전손,분손) 0회",도난 0회,"1회2,522,865원",없음
38369007,152호9749,0회,0회,전손 0회,"침수(전손,분손) 0회",도난 0회,"2회3,499,890원",없음
38375157,321머2300,0회,0회,전손 0회,"침수(전손,분손) 0회",도난 0회,없음,없음
38408574,03루2956,0회,4회,전손 0회,"침수(전손,분손) 0회",도난 0회,"3회5,606,474원",없음
38614121,214누5139,1회,1회,전손 0회,"침수(전손,분손) 0회",도난 0회,없음,없음
38361900,152라4650,0회,0회,전손 0회,"침수(전손,분손) 0회",도난 0회,없음,없음
37965576,104루1088,1회,3회,전손 0회,"침수(전손,분손) 0회",도난 0회,없음,없음
37707505,303러6846,0회,0회,전손 0회,"침수(전손,분손) 0회",도난 0회,없음,없음
38306090,133무2377,0회,0회,전손 0회,"침수(전손,분손) 0회",도난 0회,없음,없음
38629577,287소3263,0회,3회,전손 0회,"침수(전손,분손) 0회",도난 0회,없음,없음
38510620,116러2154,0회,1회,전손 0회,"침수(전손,분손) 0회",도난 0회,"1회1,725,000원",없음
38631574,267구7243,1회,1회,전손 0회,"침수(전손,분손) 0회",도난 0회,"1회1,418,763원",없음
38560336,211수8178,1회,1회,전손 0회,"침수(전손,분손) 0회",도난 0회,"1회327,804원",없음
38512211,230소5854,1회,1회,전손 0회,"침수(전손,분손) 0회",도난 0회,"1회536,628원","1회/977,959원"
38069412,27모7315,0회,1회,전손 0회,"침수(전손,분손) 0회",도난 0회,"5회5,708,736원","1회/439,942원"
38494733,178고2447,0회,1회,전손 0회,"침수(전손,분손) 0회",도난 0회,"1회670,600원",없음
38474638,261모3838,0회,1회,전손 0회,"침수(전손,분손) 0회",도난 0회,없음,없음
38586815,01모3010,0회,1회,전손 0회,"침수(전손,분손) 0회",도난 0회,"1회972,760원",없음
38502173,128고8979,0회,1회,전손 0회,"침수(전손,분손) 0회",도난 0회,없음,없음
38269657,311거8867,0회,1회,전손 0회,"침수(전손,분손) 0회",도난 0회,없음,없음
38322177,172더5826,2회,3회,전손 0회,"침수(전손,분손) 0회",도난 0회,없음,1회/미확정
38607213,62더6727,0회,1회,전손 0회,"침수(전손,분손) 0회",도난 0회,"1회540,520원","2회/2,381,449원"
37100590,364루5028,0회,1회,전손 0회,"침수(전손,분손) 0회",도난 0회,없음,없음
38599734,68수1276,0회,2회,전손 0회,"침수(전손,분손) 0회",도난 0회,"1회1,234,959원",없음
38554156,151주5842,0회,1회,전손 0회,"침수(전손,분손) 0회",도난 0회,없음,없음
38623096,123거3245,0회,1회,전손 0회,"침수(전손,분손) 0회",도난 0회,없음,없음
38043530,16노0490,0회,1회,전손 0회,"침수(전손,분손) 0회",도난 0회,"3회2,034,815원","1회/380,770원"
38519970,248조7775,0회,1회,전손 0회,"침수(전손,분손) 0회",도난 0회,1회미확정,1회/미확정
37116528,364루5028,0회,1회,전손 0회,"침수(전손,분손) 0회",도난 0회,없음,없음
38315604,371서1790,0회,3회,전손 0회,"침수(전손,분손) 0회",도난 0회,"2회2,122,880원",없음
38328160,179러7894,0회,1회,전손 0회,"침수(전손,분손) 0회",도난 0회,없음,"1회/2,115,340원"
37883505,244조6776,0회,1회,전손 0회,"침수(전손,분손) 0회",도난 0회,없음,없음
37375368,302소1622,0회,1회,전손 0회,"침수(전손,분손) 0회",도난 0회,"1회837,609원","1회/626,419원"
37869314,355우2859,1회,3회,전손 0회,"침수(전손,분손) 0회",도난 0회,"1회369,070원","1회/1,602,230원"
38386431,182하8599,0회,0회,전손 0회,"침수(전손,분손) 0회",도난 0회,"1회728,621원",없음
38073326,252고2492,1회,1회,전손 0회,"침수(전손,분손) 0회",도난 0회,"3회4,961,851원",없음
38533421,124호5195,0회,0회,전손 0회,"침수(전손,분손) 0회",도난 0회,"1회2,195,014원","1회/277,660원"
38207455,184소9106,0회,3회,전손 0회,"침수(전손,분손) 0회",도난 0회,"2회1,494,576원","1회/1,549,631원"
37910065,43조8839,0회,0회,전손 0회,"침수(전손,분손) 0회",도난 0회,"3회2,986,885원","1회/882,480원"
38443184,149고2414,0회,2회,전손 0회,"침수(전손,분손) 0회",도난 0회,없음,없음
38361979,24조1213,0회,0회,전손 0회,"침수(전손,분손) 0회",도난 0회,없음,"1회/5,719,138원"
38361293,17나0707,1회,4회,전손 0회,"침수(전손,분손) 0회",도난 0회,"5회8,413,581원","2회/3,667,254원"
38285489,135어8838,0회,1회,전손 0회,"침수(전손,분손) 0회",도난 0회,"1회16,450,000원",없음
38546333,222소9870,1회,1회,전손 0회,"침수(전손,분손) 0회",도난 0회,없음,없음
38543985,196구3929,0회,1회,전손 0회,"침수(전손,분손) 0회",도난 0회,"1회1,188,636원",없음
38526593,346부1005,2회,4회,전손 0회,"침수(전손,분손) 0회",도난 0회,"3회1,936,243원",없음
38543630,107너2624,0회,1회,전손 0회,"침수(전손,분손) 0회",도난 0회,없음,"1회/579,869원"
38505110,46주2054,1회,3회,전손 0회,"침수(전손,분손) 0회",도난 0회,"1회523,948원","1회/451,008원"
37902566,141주1779,1회,2회,전손 0회,"침수(전손,분손) 0회",도난 0회,"1회434,779원","1회/360,637원"
38582927,246저2835,1회,1회,전손 0회,"침수(전손,분손) 0회",도난 0회,"1회1,841,008원","1회/1,195,263원"
38114205,122모5412,1회,1회,전손 0회,"침수(전손,분손) 0회",도난 0회,없음,없음
38548304,117더2409,0회,0회,전손 0회,"침수(전손,분손) 0회",도난 0회,"1회982,309원","1회/490,855원"
38611254,244주8476,1회,1회,전손 0회,"침수(전손,분손) 0회",도난 0회,없음,없음
38418095,165부3600,0회,1회,전손 0회,"침수(전손,분손) 0회",도난 0회,"1회1,770,381원",없음
37996632,330우7724,1회,1회,전손 0회,"침수(전손,분손) 0회",도난 0회,"1회1,645,307원",없음
38432350,165부3600,0회,1회,전손 0회,"침수(전손,분손) 0회",도난 0회,"1회1,770,381원",없음
38601401,141허5567,0회,0회,전손 0회,"침수(전손,분손) 0회",도난 0회,없음,없음
38354365,152라4650,0회,0회,전손 0회,"침수(전손,분손) 0회",도난 0회,없음,없음
38564384,332러2756,1회,1회,전손 0회,"침수(전손,분손) 0회",도난 0회,없음,없음
38509024,45소3949,0회,2회,전손 0회,"침수(전손,분손) 0회",도난 0회,"2회2,087,700원","1회/2,438,178원"
37961545,224주6748,1회,1회,전손 0회,"침수(전손,분손) 0회",도난 0회,"2회1,498,248원","2회/1,186,746원"
38585589,01모3010,0회,1회,전손 0회,"침수(전손,분손) 0회",도난 0회,"1회972,760원",없음
38628087,251가7516,0회,0회,전손 0회,"침수(전손,분손) 0회",도난 0회,없음,없음
38231831,195호2032,0회,0회,전손 0회,"침수(전손,분손) 0회",도난 0회,없음,없음
37704640,137소5095,0회,0회,전손 0회,"침수(전손,분손) 0회",도난 0회,없음,없음
38486732,168소6603,0회,1회,전손 0회,"침수(전손,분손) 0회",도난 0회,없음,없음
38479146,110구4726,1회,2회,전손 0회,"침수(전손,분손) 0회",도난 0회,없음,없음
38175087,185로1220,1회,4회,전손 0회,"침수(전손,분손) 0회",도난 0회,없음,없음
38400625,305거3954,1회,1회,전손 0회,"침수(전손,분손) 0회",도난 0회,"1회557,819원",없음
38037148,240더3161,0회,3회,전손 0회,"침수(전손,분손) 0회",도난 0회,"2회1,560,328원",1회/미확정
38328155,179러7894,0회,1회,전손 0회,"침수(전손,분손) 0회",도난 0회,없음,"1회/2,115,340원"
38373042,321머2300,0회,0회,전손 0회,"침수(전손,분손) 0회",도난 0회,없음,없음
38090693,207가5017,1회,1회,전손 0회,"침수(전손,분손) 0회",도난 0회,없음,"1회/380,128원"
38591435,354버8591,0회,2회,전손 0회,"침수(전손,분손) 0회",도난 0회,"2회728,360원",없음
38243469,194호7075,0회,0회,전손 0회,"침수(전손,분손) 0회",도난 0회,"1회533,930원",없음
38166828,248서1152,2회,3회,전손 0회,"침수(전손,분손) 0회",도난 0회,없음,"2회/6,865,887원"
38614595,214누5139,1회,1회,전손 0회,"침수(전손,분손) 0회",도난 0회,없음,없음
37936068,149누7657,1회,2회,전손 0회,"침수(전손,분손) 0회",도난 0회,없음,"1회/238,739원"
38611171,131수1704,0회,1회,전손 0회,"침수(전손,분손) 0회",도난 0회,"1회1,334,950원",없음
38591784,170어3152,1회,3회,전손 1회,"침수(전손,분손) 0회",도난 0회,"2회807,639원",없음
38600626,236머4078,1회,1회,전손 0회,"침수(전손,분손) 0회",도난 0회,"7회8,246,141원",없음
38509726,237노5948,0회,5회,전손 0회,"침수(전손,분손) 0회",도난 0회,"2회2,518,220원",없음
38054840,146서1086,1회,1회,전손 0회,"침수(전손,분손) 0회",도난 0회,"3회2,808,811원","1회/1,372,081원"
38237858,215마7522,0회,1회,전손 0회,"침수(전손,분손) 0회",도난 0회,없음,없음
38582622,142소4112,0회,1회,전손 0회,"침수(전손,분손) 0회",도난 0회,없음,없음
38477140,242가8969,0회,1회,전손 0회,"침수(전손,분손) 0회",도난 0회,없음,없음
38566126,211누2613,1회,1회,전손 0회,"침수(전손,분손) 0회",도난 0회,"1회876,264원",없음
38208437,184소9106,0회,3회,전손 0회,"침수(전손,분손) 0회",도난 0회,"2회1,494,576원","1회/1,549,631원"
38361984,24조1213,0회,0회,전손 0회,"침수(전손,분손) 0회",도난 0회,없음,"1회/5,719,138원"
38176994,211머5812,0회,2회,전손 0회,"침수(전손,분손) 0회",도난 0회,없음,없음
38542252,238무5402,0회,4회,전손 0회,"침수(전손,분손) 0회",도난 0회,"1회3,478,280원",없음
38520792,323도3046,1회,1회,전손 0회,"침수(전손,분손) 0회",도난 0회,"1회420,480원",없음
38619219,208머3215,1회,1회,전손 0회,"침수(전손,분손) 0회",도난 0회,"3회2,584,548원","1회/1,225,790원"
38616102,180부5296,0회,0회,전손 0회,"침수(전손,분손) 0회",도난 0회,없음,없음
38632166,360무2979,0회,1회,전손 0회,"침수(전손,분손) 0회",도난 0회,"2회7,426,484원","3회/6,205,568원"
38185264,112고5667,1회,2회,전손 0회,"침수(전손,분손) 0회",도난 0회,"2회868,208원",없음
37995864,330우7724,1회,1회,전손 0회,"침수(전손,분손) 0회",도난 0회,"1회1,645,307원",없음
37761454,370모9545,1회,1회,전손 0회,"침수(전손,분손) 0회",도난 0회,없음,"1회/1,672,131원"
38559034,205다2554,1회,1회,전손 0회,"침수(전손,분손) 0회",도난 0회,없음,없음
38540292,346부1005,2회,4회,전손 0회,"침수(전손,분손) 0회",도난 0회,"3회1,936,243원",없음
38094565,170호1357,0회,0회,전손 0회,"침수(전손,분손) 0회",도난 0회,없음,없음
38405037,201노2797,0회,0회,전손 0회,"침수(전손,분손) 0회",도난 0회,없음,없음
38424673,221누1032,1회,1회,전손 0회,"침수(전손,분손) 0회",도난 0회,없음,"1회/942,040원"
38584574,16로0391,0회,5회,전손 0회,"침수(전손,분손) 0회",도난 0회,없음,없음
38593681,55저0182,0회,2회,전손 0회,"침수(전손,분손) 0회",도난 0회,"3회4,737,955원","3회/5,665,193원"
37966014,224주6748,1회,1회,전손 0회,"침수(전손,분손) 0회",도난 0회,"2회1,498,248원","2회/1,186,746원"
38082618,207가5017,1회,1회,전손 0회,"침수(전손,분손) 0회",도난 0회,없음,"1회/380,128원"
38286762,311거8867,0회,1회,전손 0회,"침수(전손,분손) 0회",도난 0회,없음,없음
37854446,327누8276,1회,4회,전손 0회,"침수(전손,분손) 0회",도난 0회,없음,없음
38157174,56조9002,0회,3회,전손 0회,"침수(전손,분손) 0회",도난 0회,"4회2,649,200원",없음
38477122,344너6896,1회,1회,전손 0회,"침수(전손,분손) 0회",도난 0회,"1회2,522,865원",없음
38539887,124호5195,0회,0회,전손 0회,"침수(전손,분손) 0회",도난 0회,"1회2,195,014원","1회/277,660원"
38492161,178고2447,0회,1회,전손 0회,"침수(전손,분손) 0회",도난 0회,"1회670,600원",없음
38586138,301더3924,1회,2회,전손 0회,"침수(전손,분손) 0회",도난 0회,"2회2,163,594원",없음
38000760,376너6040,1회,4회,전손 0회,"침수(전손,분손) 0회",도난 0회,없음,없음
38073861,169너2129,1회,1회,전손 0회,"침수(전손,분손) 0회",도난 0회,"1회1,385,095원",없음
38592743,252구2964,0회,1회,전손 0회,"침수(전손,분손) 0회",도난 0회,"1회623,327원",없음
38409798,305거3954,1회,1회,전손 0회,"침수(전손,분손) 0회",도난 0회,"1회557,819원",없음
38379901,125구3072,1회,1회,전손 0회,"침수(전손,분손) 0회",도난 0회,없음,없음
38606530,332러2743,1회,1회,전손 0회,"침수(전손,분손) 0회",도난 0회,"2회1,014,539원","4회/2,213,328원"
38289774,120구4711,1회,1회,전손 0회,"침수(전손,분손) 0회",도난 0회,"1회715,059원",없음
38424903,197서2787,1회,2회,전손 0회,"침수(전손,분손) 0회",도난 0회,1회미확정,"1회/4,645,490원"
38486729,41가5700,0회,3회,전손 0회,"침수(전손,분손) 0회",도난 0회,없음,없음
38331066,203호3275,0회,0회,전손 0회,"침수(전손,분손) 0회",도난 0회,없음,없음
38052729,396다8146,1회,1회,전손 0회,"침수(전손,분손) 0회",도난 0회,없음,없음
38446609,244보4386,0회,1회,전손 0회,"침수(전손,분손) 0회",도난 0회,없음,없음
38174275,11어6867,0회,2회,전손 0회,"침수(전손,분손) 0회",도난 0회,없음,없음
38582394,169거6696,0회,3회,전손 0회,"침수(전손,분손) 0회",도난 0회,"1회1,580,544원","1회/721,161원"
38210350,380오7039,0회,1회,전손 0회,"침수(전손,분손) 0회",도난 0회,없음,없음
38126733,213어8103,0회,0회,전손 0회,"침수(전손,분손) 0회",도난 0회,없음,없음
38043339,61로6305,0회,1회,전손 0회,"침수(전손,분손) 0회",도난 0회,"1회469,918원",없음
38444145,27누9251,0회,1회,전손 0회,"침수(전손,분손) 0회",도난 0회,"2회1,355,722원",없음
38540086,196구3929,0회,1회,전손 0회,"침수(전손,분손) 0회",도난 0회,"1회1,188,636원",없음
38277408,229서5023,1회,2회,전손 0회,"침수(전손,분손) 0회",도난 0회,"3회4,105,999원","2회/8,775,039원"
38586602,207노5305,1회,2회,전손 0회,"침수(전손,분손) 0회",도난 0회,"4회2,797,030원",없음
38623279,154모5781,0회,1회,전손 0회,"침수(전손,분손) 0회",도난 0회,"1회2,545,630원",없음
37377928,302소1622,0회,1회,전손 0회,"침수(전손,분손) 0회",도난 0회,"1회837,609원","1회/626,419원"
38549111,107너2624,0회,1회,전손 0회,"침수(전손,분손) 0회",도난 0회,없음,"1회/579,869원"
38114612,122모5412,1회,1회,전손 0회,"침수(전손,분손) 0회",도난 0회,없음,없음
38581327,246저2835,1회,1회,전손 0회,"침수(전손,분손) 0회",도난 0회,"1회1,841,008원","1회/1,195,263원"
38208551,12저8078,0회,3회,전손 0회,"침수(전손,분손) 0회",도난 0회,"1회2,303,466원",없음
38464225,261모3838,0회,1회,전손 0회,"침수(전손,분손) 0회",도난 0회,없음,없음
38550052,244머5601,0회,1회,전손 0회,"침수(전손,분손) 0회",도난 0회,"6회7,397,710원",없음
38098661,161모4934,1회,4회,전손 0회,"침수(전손,분손) 0회",도난 0회,"5회25,085,658원","5회/24,606,148원"
38198975,112고5667,1회,2회,전손 0회,"침수(전손,분손) 0회",도난 0회,"2회868,208원",없음
38353379,17로3795,0회,1회,전손 0회,"침수(전손,분손) 0회",도난 0회,"1회5,092,826원",없음
38423591,210나8682,1회,4회,전손 0회,"침수(전손,분손) 0회",도난 0회,"9회16,563,965원","3회/2,764,660원"
38316680,371서1790,0회,3회,전손 0회,"침수(전손,분손) 0회",도난 0회,"2회2,122,880원",없음
38614170,226부8327,1회,0회,전손 0회,"침수(전손,분손) 0회",도난 0회,없음,없음
37877639,148두7106,1회,4회,전손 0회,"침수(전손,분손) 0회",도난 0회,"1회1,975,000원","1회/967,609원"
38429661,159무1557,0회,1회,전손 0회,"침수(전손,분손) 0회",도난 0회,"2회1,271,425원",없음
38527167,245주9036,0회,1회,전손 0회,"침수(전손,분손) 0회",도난 0회,없음,없음
38476034,242가8969,0회,1회,전손 0회,"침수(전손,분손) 0회",도난 0회,없음,없음
38493238,334나4337,0회,0회,전손 0회,"침수(전손,분손) 0회",도난 0회,"1회866,650원","2회/1,602,080원"
37883216,176저6198,0회,1회,전손 0회,"침수(전손,분손) 0회",도난 0회,없음,없음
38548338,244머5601,0회,1회,전손 0회,"침수(전손,분손) 0회",도난 0회,"6회7,397,710원",없음
38554306,226루3354,1회,5회,전손 0회,"침수(전손,분손) 0회",도난 0회,"9회11,915,414원","2회/1,096,020원"
38088991,39부4866,0회,4회,전손 0회,"침수(전손,분손) 0회",도난 0회,"1회1,066,500원","1회/2,545,850원"
38449327,129저7749,1회,2회,전손 0회,"침수(전손,분손) 0회",도난 0회,"1회1,221,069원","2회/2,667,183원"
38543824,61부1655,0회,3회,전손 0회,"침수(전손,분손) 0회",도난 0회,"6회15,724,995원","3회/874,000원"
38194613,231머2571,1회,3회,전손 0회,"침수(전손,분손) 0회",도난 0회,"1회496,920원",없음
38369178,64버5547,0회,3회,전손 0회,"침수(전손,분손) 0회",도난 0회,"3회7,018,233원",없음
38565445,181보7774,0회,4회,전손 0회,"침수(전손,분손) 0회",도난 0회,없음,없음
38612771,358어2223,1회,9회,전손 0회,"침수(전손,분손) 0회",도난 0회,"4회5,605,062원","2회/577,798원"
38212846,326거1508,1회,3회,전손 0회,"침수(전손,분손) 0회",도난 0회,"1회1,089,550원",없음
38237689,307조3430,0회,1회,전손 0회,"침수(전손,분손) 0회",도난 0회,없음,없음
38308751,221누1022,1회,1회,전손 0회,"침수(전손,분손) 0회",도난 0회,"1회639,320원",없음
38245331,231러2970,1회,2회,전손 0회,"침수(전손,분손) 0회",도난 0회,"2회3,034,675원","1회/773,399원"
38271560,272마9719,0회,1회,전손 0회,"침수(전손,분손) 0회",도난 0회,없음,없음
38533476,64무1186,0회,1회,전손 0회,"침수(전손,분손) 0회",도난 0회,"2회2,664,382원","3회/4,254,899원"
38497326,303도7934,0회,1회,전손 0회,"침수(전손,분손) 0회",도난 0회,없음,없음
38526991,325구6201,1회,3회,전손 0회,"침수(전손,분손) 0회",도난 0회,없음,없음
38198343,132가9171,0회,1회,전손 0회,"침수(전손,분손) 0회",도난 0회,없음,없음
38570506,11나1031,1회,2회,전손 0회,"침수(전손,분손) 0회",도난 0회,없음,없음
38431339,244머6422,2회,13회,전손 0회,"침수(전손,분손) 0회",도난 0회,"3회768,062원","4회/2,664,314원"
38454267,139거4060,0회,3회,전손 0회,"침수(전손,분손) 0회",도난 0회,"1회373,849원",없음
38531623,16노0338,0회,2회,전손 0회,"침수(전손,분손) 0회",도난 0회,없음,"1회/685,714원"
37569875,50다4920,0회,6회,전손 0회,"침수(전손,분손) 0회",도난 0회,"5회3,784,806원","4회/8,032,408원"
37847709,108다4803,1회,1회,전손 0회,"침수(전손,분손) 0회",도난 0회,없음,없음
38560416,144우7920,0회,1회,전손 0회,"침수(전손,분손) 0회",도난 0회,없음,없음
38135020,140서1086,0회,3회,전손 0회,"침수(전손,분손) 0회",도난 0회,"1회684,790원",없음
37029244,146고6453,2회,5회,전손 0회,"침수(전손,분손) 0회",도난 0회,"2회4,440,938원",없음
38600003,21너0440,0회,1회,전손 0회,"침수(전손,분손) 0회",도난 0회,없음,없음
38636580,23어8899,1회,5회,전손 0회,"침수(전손,분손) 0회",도난 0회,없음,"2회/1,439,188원"
37504396,301모5598,1회,1회,전손 0회,"침수(전손,분손) 0회",도난 0회,없음,없음
38237496,316다8170,1회,1회,전손 0회,"침수(전손,분손) 0회",도난 0회,없음,없음
38579237,343루8200,1회,3회,전손 0회,"침수(전손,분손) 0회",도난 0회,없음,없음
38433826,126우3708,1회,1회,전손 0회,"침수(전손,분손) 0회",도난 0회,없음,없음
38451188,159하3600,0회,0회,전손 0회,"침수(전손,분손) 0회",도난 0회,없음,"1회/1,980,325원"
38582731,309조3404,0회,1회,전손 0회,"침수(전손,분손) 0회",도난 0회,없음,없음
38548587,29더6033,0회,4회,전손 0회,"침수(전손,분손) 0회",도난 0회,"1회1,837,750원","2회/11,315,140원"
38572115,38어0709,0회,1회,전손 0회,"침수(전손,분손) 0회",도난 0회,"1회505,188원",없음
38445137,61노5659,0회,3회,전손 0회,"침수(전손,분손) 0회",도난 0회,"3회1,287,302원","1회/325,030원"
38310381,113서2638,0회,3회,전손 0회,"침수(전손,분손) 0회",도난 0회,없음,1회/미확정
38617260,53거5396,0회,1회,전손 0회,"침수(전손,분손) 0회",도난 0회,"2회2,527,522원","2회/802,143원"
38494931,21너0681,0회,3회,전손 0회,"침수(전손,분손) 0회",도난 0회,"1회1,025,297원","3회/3,801,711원"
37682430,73마7245,0회,1회,전손 0회,"침수(전손,분손) 0회",도난 0회,없음,"1회/809,333원"
38586849,140서1912,0회,3회,전손 0회,"침수(전손,분손) 0회",도난 0회,없음,없음
38622648,112구2212,1회,1회,전손 0회,"침수(전손,분손) 0회",도난 0회,"1회729,709원",없음
38152454,180소5801,0회,1회,전손 0회,"침수(전손,분손) 0회",도난 0회,"2회3,290,382원",없음
37860334,166가2554,1회,3회,전손 0회,"침수(전손,분손) 0회",도난 0회,1회미확정,없음
38536406,256수7288,1회,1회,전손 0회,"침수(전손,분손) 0회",도난 0회,"1회850,341원",없음
38192476,396누2578,1회,3회,전손 0회,"침수(전손,분손) 0회",도난 0회,없음,없음
38473544,352수4812,1회,2회,전손 0회,"침수(전손,분손) 0회",도난 0회,없음,없음
38555289,112라7871,1회,2회,전손 0회,"침수(전손,분손) 0회",도난 0회,없음,없음
38618289,360고7137,0회,1회,전손 0회,"침수(전손,분손) 0회",도난 0회,없음,없음
38597876,40조8147,0회,1회,전손 0회,"침수(전손,분손) 0회",도난 0회,"2회679,523원","2회/1,561,660원"
38261855,227두4688,1회,2회,전손 0회,"침수(전손,분손) 0회",도난 0회,없음,없음
38345073,336수9657,0회,1회,전손 0회,"침수(전손,분손) 0회",도난 0회,"2회1,289,065원",없음
38504827,40너0919,0회,2회,전손 0회,"침수(전손,분손) 0회",도난 0회,없음,없음
38311790,113서2638,0회,3회,전손 0회,"침수(전손,분손) 0회",도난 0회,없음,1회/미확정
38031340,347두7044,1회,2회,전손 0회,"침수(전손,분손) 0회",도난 0회,1회미확정,없음
38535525,67러2510,0회,1회,전손 0회,"침수(전손,분손) 0회",도난 0회,없음,없음
38565357,66우7635,0회,2회,전손 0회,"침수(전손,분손) 0회",도난 0회,"2회1,608,298원","3회/1,981,703원"
38317886,47서0150,0회,2회,전손 0회,"침수(전손,분손) 0회",도난 0회,없음,없음
38133737,22루3142,0회,3회,전손 0회,"침수(전손,분손) 0회",도난 0회,"4회988,240원","2회/1,158,554원"
38527183,128하1821,0회,0회,전손 0회,"침수(전손,분손) 0회",도난 0회,"2회1,315,066원",없음
38493473,52라7391,0회,3회,전손 0회,"침수(전손,분손) 0회",도난 0회,"1회1,605,640원","2회/1,738,580원"
38586782,171도3221,0회,2회,전손 0회,"침수(전손,분손) 0회",도난 0회,없음,없음
37858809,166가2554,1회,3회,전손 0회,"침수(전손,분손) 0회",도난 0회,1회미확정,없음
38579390,50주3150,0회,0회,전손 0회,"침수(전손,분손) 0회",도난 0회,"3회2,106,911원","2회/1,179,068원"
38377442,63보2041,0회,1회,전손 0회,"침수(전손,분손) 0회",도난 0회,"2회3,037,861원",없음
38518353,43너5383,2회,9회,전손 0회,"침수(전손,분손) 0회",도난 0회,없음,없음
38434512,194도2482,0회,1회,전손 0회,"침수(전손,분손) 0회",도난 0회,없음,없음
38500883,154모8874,0회,0회,전손 0회,"침수(전손,분손) 0회",도난 0회,"1회303,910원",없음
38583022,169더4113,0회,1회,전손 0회,"침수(전손,분손) 0회",도난 0회,"1회958,534원",없음
38499881,256수7215,1회,1회,전손 0회,"침수(전손,분손) 0회",도난 0회,없음,없음
37953015,383버5312,0회,1회,전손 0회,"침수(전손,분손) 0회",도난 0회,"1회599,304원",없음
38541318,34보3250,1회,1회,전손 0회,"침수(전손,분손) 0회",도난 0회,없음,없음
38537368,58두1332,0회,1회,전손 0회,"침수(전손,분손) 0회",도난 0회,"1회1,350,418원","1회/968,888원"
38418755,254누3323,0회,0회,전손 0회,"침수(전손,분손) 0회",도난 0회,없음,없음
38457092,122조9056,0회,1회,전손 0회,"침수(전손,분손) 0회",도난 0회,없음,없음
38100085,254노7553,0회,1회,전손 0회,"침수(전손,분손) 0회",도난 0회,"1회1,368,500원","2회/744,900원"
38385064,186부6193,1회,3회,전손 0회,"침수(전손,분손) 0회",도난 0회,없음,없음
38628083,152로1109,1회,1회,전손 0회,"침수(전손,분손) 0회",도난 0회,없음,"1회/2,232,980원"
38383034,132버9542,0회,0회,전손 0회,"침수(전손,분손) 0회",도난 0회,"1회312,639원",없음
38465492,252모2461,1회,3회,전손 0회,"침수(전손,분손) 0회",도난 0회,"2회1,913,663원",없음
38536257,326루7480,2회,3회,전손 0회,"침수(전손,분손) 0회",도난 0회,없음,"1회/283,960원"
38578146,31라0860,0회,1회,전손 0회,"침수(전손,분손) 0회",도난 0회,"5회8,125,828원","2회/2,769,670원"
38370341,161거2408,0회,1회,전손 0회,"침수(전손,분손) 0회",도난 0회,"1회1,591,340원",없음
38567125,115머6663,0회,1회,전손 0회,"침수(전손,분손) 0회",도난 0회,없음,"1회/892,647원"
36931921,14루1926,0회,4회,전손 0회,"침수(전손,분손) 0회",도난 0회,"4회10,044,403원","2회/1,420,897원"
38031273,211버5404,1회,4회,전손 0회,"침수(전손,분손) 0회",도난 0회,없음,없음
38491457,64구0541,0회,1회,전손 0회,"침수(전손,분손) 0회",도난 0회,없음,"2회/859,557원"
38316886,60무9325,0회,12회,전손 0회,"침수(전손,분손) 0회",도난 0회,"2회5,579,641원",없음
38359070,257거6321,0회,1회,전손 0회,"침수(전손,분손) 0회",도난 0회,"2회1,241,174원","4회/4,984,010원"
38578948,297러1163,1회,1회,전손 0회,"침수(전손,분손) 0회",도난 0회,없음,"1회/371,464원"
38429683,107오2220,0회,0회,전손 0회,"침수(전손,분손) 0회",도난 0회,없음,없음
38484101,243무8058,1회,1회,전손 0회,"침수(전손,분손) 0회",도난 0회,없음,없음
38599102,183두5660,0회,1회,전손 0회,"침수(전손,분손) 0회",도난 0회,"1회1,658,603원",없음
38563736,242어2222,0회,1회,전손 0회,"침수(전손,분손) 0회",도난 0회,"1회238,469원","1회/1,210,000원"
38611334,68마9079,0회,3회,전손 0회,"침수(전손,분손) 0회",도난 0회,"1회1,617,360원",없음
38601636,139무4744,0회,1회,전손 0회,"침수(전손,분손) 0회",도난 0회,없음,없음
38619835,174다3378,1회,1회,전손 0회,"침수(전손,분손) 0회",도난 0회,"1회582,318원",없음
38549812,366거7281,1회,1회,전손 0회,"침수(전손,분손) 0회",도난 0회,없음,"1회/481,980원"
38114790,31서0240,1회,4회,전손 0회,"침수(전손,분손) 0회",도난 0회,없음,없음
38582728,13도1411,0회,2회,전손 0회,"침수(전손,분손) 0회",도난 0회,없음,"2회/854,470원"
38080544,252보5481,1회,1회,전손 0회,"침수(전손,분손) 0회",도난 0회,없음,"1회/404,330원"
38601523,269소5738,0회,0회,전손 0회,"침수(전손,분손) 0회",도난 0회,없음,없음
37809867,09버0356,1회,3회,전손 0회,"침수(전손,분손) 0회",도난 0회,"2회1,205,196원","2회/1,053,566원"
38499212,64구0541,0회,1회,전손 0회,"침수(전손,분손) 0회",도난 0회,없음,"2회/859,557원"
38437278,40라6383,0회,4회,전손 0회,"침수(전손,분손) 0회",도난 0회,"2회1,417,437원",없음
38266714,372부1897,0회,0회,전손 0회,"침수(전손,분손) 0회",도난 0회,없음,없음
38601945,21너0440,0회,1회,전손 0회,"침수(전손,분손) 0회",도난 0회,없음,없음
38352751,46가9564,1회,2회,전손 0회,"침수(전손,분손) 0회",도난 0회,"4회6,739,735원","2회/1,270,883원"
38473642,69라7587,0회,5회,전손 0회,"침수(전손,분손) 0회",도난 0회,"3회1,894,852원","2회/1,389,784원"
38567034,172버7193,1회,1회,전손 0회,"침수(전손,분손) 0회",도난 0회,"1회591,990원",없음
38401729,59도8182,0회,3회,전손 0회,"침수(전손,분손) 0회",도난 0회,"2회2,587,630원","1회/751,860원"
38598635,382라4597,1회,3회,전손 0회,"침수(전손,분손) 0회",도난 0회,없음,"1회/517,460원"
38495905,21너0681,0회,3회,전손 0회,"침수(전손,분손) 0회",도난 0회,"1회1,025,297원","3회/3,801,711원"
38459898,19버2075,0회,4회,전손 0회,"침수(전손,분손) 0회",도난 0회,없음,없음
38418766,339라3628,1회,1회,전손 0회,"침수(전손,분손) 0회",도난 0회,"1회385,540원",없음
38467331,227마3298,1회,2회,전손 0회,"침수(전손,분손) 0회",도난 0회,"1회1,795,980원","1회/3,737,130원"
38545771,143러2159,0회,1회,전손 0회,"침수(전손,분손) 0회",도난 0회,없음,없음
38575594,159하3585,0회,0회,전손 0회,"침수(전손,분손) 0회",도난 0회,"1회670,680원",없음
37556650,36조6794,0회,0회,전손 0회,"침수(전손,분손) 0회",도난 0회,"2회1,437,844원","2회/796,342원"
38431149,113모2303,0회,0회,전손 0회,"침수(전손,분손) 0회",도난 0회,없음,없음
38612146,61보2934,0회,1회,전손 0회,"침수(전손,분손) 0회",도난 0회,"3회1,081,264원","2회/191,809원"
38514346,353더8072,0회,3회,전손 0회,"침수(전손,분손) 0회",도난 0회,없음,없음
38105268,321수6445,1회,4회,전손 0회,"침수(전손,분손) 0회",도난 0회,"1회400,627원",없음
38607910,372버6143,1회,2회,전손 0회,"침수(전손,분손) 0회",도난 0회,"1회3,347,415원","1회/550,000원"
38568512,32서4430,0회,3회,전손 0회,"침수(전손,분손) 0회",도난 0회,"1회311,600원",1회/미확정
38544919,387더4892,0회,3회,전손 0회,"침수(전손,분손) 0회",도난 0회,없음,없음
38579233,152러7081,0회,1회,전손 0회,"침수(전손,분손) 0회",도난 0회,없음,없음
38381752,362머3901,1회,2회,전손 0회,"침수(전손,분손) 0회",도난 0회,없음,없음
38524045,273어4784,0회,0회,전손 0회,"침수(전손,분손) 0회",도난 0회,"1회1,000,000원",없음
38357199,31조3467,0회,1회,전손 0회,"침수(전손,분손) 0회",도난 0회,"1회393,669원",없음
38551543,140모8988,1회,1회,전손 0회,"침수(전손,분손) 0회",도난 0회,없음,"6회/3,045,329원"
38426770,386더9655,1회,2회,전손 0회,"침수(전손,분손) 0회",도난 0회,없음,없음
38571130,309조3404,0회,1회,전손 0회,"침수(전손,분손) 0회",도난 0회,없음,없음
38330837,52누3784,1회,3회,전손 0회,"침수(전손,분손) 0회",도난 0회,"3회3,983,749원","1회/451,404원"
38211374,06부5750,0회,1회,전손 0회,"침수(전손,분손) 0회",도난 0회,없음,없음
38577325,19버0308,0회,4회,전손 0회,"침수(전손,분손) 0회",도난 0회,없음,없음
38052739,133서3411,1회,3회,전손 0회,"침수(전손,분손) 0회",도난 0회,없음,없음
38448294,113루1962,0회,0회,전손 0회,"침수(전손,분손) 0회",도난 0회,없음,없음
38301285,54오0225,0회,5회,전손 0회,"침수(전손,분손) 0회",도난 0회,"3회5,678,602원","3회/2,420,010원"
38578136,35다5410,0회,3회,전손 0회,"침수(전손,분손) 0회",도난 0회,"4회1,967,310원","2회/3,756,594원"
38448190,172구1416,2회,4회,전손 0회,"침수(전손,분손) 0회",도난 0회,"1회1,258,969원","4회/3,193,180원"
38484081,337거9651,0회,1회,전손 0회,"침수(전손,분손) 0회",도난 0회,"1회1,070,000원","1회/1,552,451원"
38563593,317고7908,0회,2회,전손 0회,"침수(전손,분손) 0회",도난 0회,"1회812,623원","1회/1,317,916원"
38469339,292보5251,0회,1회,전손 0회,"침수(전손,분손) 0회",도난 0회,없음,없음
37694610,264소7390,2회,6회,전손 0회,"침수(전손,분손) 0회",도난 0회,"3회12,589,989원","1회/1,824,400원"
38638390,228도3241,1회,2회,전손 0회,"침수(전손,분손) 0회",도난 0회,없음,없음
38410725,33누6017,0회,1회,전손 0회,"침수(전손,분손) 0회",도난 0회,없음,없음
35275650,16노8915,0회,2회,전손 0회,"침수(전손,분손) 0회",도난 0회,"2회722,547원","2회/1,072,748원"
38543215,41러2129,0회,1회,전손 0회,"침수(전손,분손) 0회",도난 0회,"1회691,090원",없음
38400284,67두2294,0회,5회,전손 0회,"침수(전손,분손) 0회",도난 0회,"5회3,743,933원","2회/2,537,020원"
38409420,43도1178,0회,1회,전손 0회,"침수(전손,분손) 0회",도난 0회,"3회2,712,405원","2회/4,441,928원"
38055639,23너4680,0회,5회,전손 0회,"침수(전손,분손) 0회",도난 0회,"1회2,356,796원",없음
38474326,272루2565,0회,1회,전손 0회,"침수(전손,분손) 0회",도난 0회,없음,없음
38275264,197로1299,0회,1회,전손 0회,"침수(전손,분손) 0회",도난 0회,없음,없음
38571201,329다3240,1회,3회,전손 0회,"침수(전손,분손) 0회",도난 0회,"2회1,565,000원","1회/164,830원"
38414874,267더5623,0회,1회,전손 0회,"침수(전손,분손) 0회",도난 0회,"1회306,800원",없음
38365167,367무2909,0회,1회,전손 0회,"침수(전손,분손) 0회",도난 0회,"1회919,696원",없음
38556725,261두7080,1회,4회,전손 0회,"침수(전손,분손) 0회",도난 0회,"1회1,011,351원",없음
38586321,24오7237,0회,9회,전손 0회,"침수(전손,분손) 0회",도난 0회,"4회1,990,561원","1회/621,922원"
37835912,61모2836,0회,3회,전손 0회,"침수(전손,분손) 0회",도난 0회,"5회10,074,748원","2회/716,721원"
38623815,112구2212,1회,1회,전손 0회,"침수(전손,분손) 0회",도난 0회,"1회729,709원",없음
38435334,199누2654,1회,2회,전손 0회,"침수(전손,분손) 0회",도난 0회,없음,없음
38331930,52누3784,1회,3회,전손 0회,"침수(전손,분손) 0회",도난 0회,"3회3,983,749원","1회/451,404원"
38589339,19버0308,0회,4회,전손 0회,"침수(전손,분손) 0회",도난 0회,없음,없음
38274434,372부1897,0회,0회,전손 0회,"침수(전손,분손) 0회",도난 0회,없음,없음
37506499,301모5598,1회,1회,전손 0회,"침수(전손,분손) 0회",도난 0회,없음,없음
38479654,143수3313,0회,1회,전손 0회,"침수(전손,분손) 0회",도난 0회,"1회1,852,680원",없음
38141906,129조6879,0회,1회,전손 0회,"침수(전손,분손) 0회",도난 0회,"1회781,250원","1회/2,405,650원"
38457675,03호8088,0회,0회,전손 0회,"침수(전손,분손) 0회",도난 0회,"1회4,919,010원",없음
38621066,220더4005,0회,0회,전손 0회,"침수(전손,분손) 0회",도난 0회,없음,없음
38408513,43도1178,0회,1회,전손 0회,"침수(전손,분손) 0회",도난 0회,"3회2,712,405원","2회/4,441,928원"
38323447,18조7330,0회,4회,전손 0회,"침수(전손,분손) 0회",도난 0회,"2회3,514,217원",없음
38564870,116주5194,0회,1회,전손 0회,"침수(전손,분손) 0회",도난 0회,"1회4,119,260원","2회/1,592,910원"
38300983,379모2294,2회,3회,전손 0회,"침수(전손,분손) 0회",도난 0회,"2회7,704,795원","1회/1,183,003원"
38098914,195어7377,0회,1회,전손 0회,"침수(전손,분손) 0회",도난 0회,없음,없음
38422893,132서6041,1회,2회,전손 0회,"침수(전손,분손) 0회",도난 0회,없음,없음
38334274,244부3446,0회,1회,전손 0회,"침수(전손,분손) 0회",도난 0회,"2회3,145,400원","2회/2,825,870원"
38361717,64로0222,0회,3회,전손 0회,"침수(전손,분손) 0회",도난 0회,없음,없음
38565864,103소1612,0회,1회,전손 0회,"침수(전손,분손) 0회",도난 0회,없음,없음
38619845,360고7137,0회,1회,전손 0회,"침수(전손,분손) 0회",도난 0회,없음,없음
38600454,252루1777,1회,4회,전손 0회,"침수(전손,분손) 0회",도난 0회,"5회4,251,080원",없음
38520160,221오3094,1회,1회,전손 0회,"침수(전손,분손) 0회",도난 0회,없음,없음
38583658,169더4113,0회,1회,전손 0회,"침수(전손,분손) 0회",도난 0회,"1회958,534원",없음
38300082,237보3607,1회,2회,전손 0회,"침수(전손,분손) 0회",도난 0회,없음,"2회/3,968,980원"
37937976,231도4048,1회,0회,전손 0회,"침수(전손,분손) 0회",도난 0회,2회미확정,"1회/528,255원"
37650224,103우6102,0회,0회,전손 0회,"침수(전손,분손) 0회",도난 0회,없음,없음
38601514,183두5660,0회,1회,전손 0회,"침수(전손,분손) 0회",도난 0회,"1회1,658,603원",없음
38564089,103소1612,0회,1회,전손 0회,"침수(전손,분손) 0회",도난 0회,없음,없음
38611549,13우0405,0회,1회,전손 0회,"침수(전손,분손) 0회",도난 0회,"1회667,920원","2회/4,370,250원"
38463810,227마3298,1회,2회,전손 0회,"침수(전손,분손) 0회",도난 0회,"1회1,795,980원","1회/3,737,130원"
38422474,176머8128,0회,0회,전손 0회,"침수(전손,분손) 0회",도난 0회,없음,없음
36874750,45서0718,0회,1회,전손 0회,"침수(전손,분손) 0회",도난 0회,"3회4,065,455원","2회/1,726,580원"
38499216,303도7934,0회,1회,전손 0회,"침수(전손,분손) 0회",도난 0회,없음,없음
38612224,65너9125,1회,1회,전손 0회,"침수(전손,분손) 0회",도난 0회,없음,없음
38331404,07노1255,0회,4회,전손 0회,"침수(전손,분손) 0회",도난 0회,"4회7,034,207원",없음
38429432,267더5623,0회,1회,전손 0회,"침수(전손,분손) 0회",도난 0회,"1회306,800원",없음
38204916,46우3690,0회,4회,전손 0회,"침수(전손,분손) 0회",도난 0회,"1회468,590원",없음
38078692,284조7500,0회,2회,전손 0회,"침수(전손,분손) 0회",도난 0회,"1회262,610원",없음
36864689,62어2339,0회,2회,전손 0회,"침수(전손,분손) 0회",도난 0회,"2회741,390원",없음
38383042,157허3109,0회,0회,전손 0회,"침수(전손,분손) 0회",도난 0회,"2회2,803,877원","2회/1,486,228원"
38556156,387버6151,0회,0회,전손 0회,"침수(전손,분손) 0회",도난 0회,없음,없음
38574796,105머8927,0회,1회,전손 0회,"침수(전손,분손) 0회",도난 0회,없음,없음
38590068,124보5447,1회,2회,전손 0회,"침수(전손,분손) 0회",도난 0회,없음,없음
38512305,193무2304,1회,2회,전손 0회,"침수(전손,분손) 0회",도난 0회,"1회1,122,720원",없음
38447951,237러2071,1회,1회,전손 0회,"침수(전손,분손) 0회",도난 0회,"2회1,822,178원",없음
38556166,378마4040,0회,1회,전손 0회,"침수(전손,분손) 0회",도난 0회,없음,없음
38559834,13더3388,0회,1회,전손 0회,"침수(전손,분손) 0회",도난 0회,"4회2,926,545원","1회/797,100원"
38433832,126우3708,1회,1회,전손 0회,"침수(전손,분손) 0회",도난 0회,없음,없음
37639204,68고2031,0회,3회,전손 0회,"침수(전손,분손) 0회",도난 0회,"1회230,436원",없음
38589338,11다0855,0회,4회,전손 0회,"침수(전손,분손) 0회",도난 0회,"1회1,069,091원",없음
38589331,313나2047,0회,0회,전손 0회,"침수(전손,분손) 0회",도난 0회,"1회369,614원",없음
38435336,13마5860,0회,0회,전손 0회,"침수(전손,분손) 0회",도난 0회,없음,없음
38498320,256수7215,1회,1회,전손 0회,"침수(전손,분손) 0회",도난 0회,없음,없음
38350019,236저5341,1회,1회,전손 0회,"침수(전손,분손) 0회",도난 0회,"1회3,388,298원","2회/6,905,490원"
37924034,64가4567,0회,2회,전손 0회,"침수(전손,분손) 0회",도난 0회,"4회5,471,702원","2회/1,137,770원"
36670676,30다2354,1회,3회,전손 0회,"침수(전손,분손) 0회",도난 0회,없음,없음
38275061,22고5285,0회,1회,전손 0회,"침수(전손,분손) 0회",도난 0회,"2회2,048,978원",없음
38239843,139루6740,0회,1회,전손 0회,"침수(전손,분손) 0회",도난 0회,없음,없음
37280790,76도8989,0회,3회,전손 0회,"침수(전손,분손) 0회",도난 0회,"3회5,022,721원","1회/903,870원"
38251409,316다8170,1회,1회,전손 0회,"침수(전손,분손) 0회",도난 0회,없음,없음
38426464,08서2943,1회,9회,전손 0회,"침수(전손,분손) 0회",도난 0회,"4회4,043,938원","2회/711,234원"
38543168,378마4040,0회,1회,전손 0회,"침수(전손,분손) 0회",도난 0회,없음,없음
38591354,49우0284,0회,5회,전손 0회,"침수(전손,분손) 0회",도난 0회,없음,"1회/557,630원"
38486037,204우9473,1회,1회,전손 0회,"침수(전손,분손) 0회",도난 0회,"1회544,953원",없음
38274420,29거8133,0회,1회,전손 0회,"침수(전손,분손) 0회",도난 0회,"3회1,354,916원","2회/1,480,039원"
38560193,144우7920,0회,1회,전손 0회,"침수(전손,분손) 0회",도난 0회,없음,없음
38119511,58서8933,0회,1회,전손 0회,"침수(전손,분손) 0회",도난 0회,"1회807,630원","1회/5,864,080원"
38473514,272루2565,0회,1회,전손 0회,"침수(전손,분손) 0회",도난 0회,없음,없음
38604642,149로2857,0회,0회,전손 0회,"침수(전손,분손) 0회",도난 0회,없음,없음
38531388,309서6633,0회,1회,전손 0회,"침수(전손,분손) 0회",도난 0회,없음,없음
38590063,25고6977,1회,1회,전손 0회,"침수(전손,분손) 0회",도난 0회,없음,없음
38276008,22고5285,0회,1회,전손 0회,"침수(전손,분손) 0회",도난 0회,"2회2,048,978원",없음
38054414,133서3411,1회,3회,전손 0회,"침수(전손,분손) 0회",도난 0회,없음,없음
35857822,75누5808,0회,1회,전손 0회,"침수(전손,분손) 0회",도난 0회,"1회2,545,098원",없음
38583727,171도3221,0회,2회,전손 0회,"침수(전손,분손) 0회",도난 0회,없음,없음
38235011,187러6247,1회,1회,전손 0회,"침수(전손,분손) 0회",도난 0회,없음,"1회/418,000원"
38331419,244부3446,0회,1회,전손 0회,"침수(전손,분손) 0회",도난 0회,"2회3,145,400원","2회/2,825,870원"
37751959,225소1693,1회,4회,전손 0회,"침수(전손,분손) 0회",도난 0회,"2회4,618,540원","1회/797,980원"
38394800,198어4084,0회,1회,전손 0회,"침수(전손,분손) 0회",도난 0회,없음,없음
38627517,213어9747,1회,2회,전손 0회,"침수(전손,분손) 0회",도난 0회,"1회413,921원",없음
38620350,222서8211,1회,1회,전손 0회,"침수(전손,분손) 0회",도난 0회,"4회6,147,419원",없음
38604600,65너9125,1회,1회,전손 0회,"침수(전손,분손) 0회",도난 0회,없음,없음
38106534,321수6445,1회,4회,전손 0회,"침수(전손,분손) 0회",도난 0회,"1회400,627원",없음
38338380,336수9657,0회,1회,전손 0회,"침수(전손,분손) 0회",도난 0회,"2회1,289,065원",없음
38255232,64마3540,0회,2회,전손 0회,"침수(전손,분손) 0회",도난 0회,없음,"2회/1,220,390원"
38482870,177라7093,1회,1회,전손 0회,"침수(전손,분손) 0회",도난 0회,없음,없음
38361210,38오0234,0회,0회,전손 0회,"침수(전손,분손) 0회",도난 0회,"5회4,772,873원","1회/451,590원"
36632414,52너0115,0회,4회,전손 0회,"침수(전손,분손) 0회",도난 0회,없음,없음
38447509,168어4010,0회,1회,전손 0회,"침수(전손,분손) 0회",도난 0회,없음,없음
38548430,86우0511,0회,0회,전손 0회,"침수(전손,분손) 0회",도난 0회,없음,없음
38573638,32버0104,0회,1회,전손 0회,"침수(전손,분손) 0회",도난 0회,없음,없음
38162175,170라4620,0회,1회,전손 0회,"침수(전손,분손) 0회",도난 0회,없음,"1회/972,160원"
38140935,52두7126,0회,0회,전손 0회,"침수(전손,분손) 0회",도난 0회,"3회7,295,981원","3회/1,490,647원"
37253050,67마8369,0회,2회,전손 0회,"침수(전손,분손) 0회",도난 0회,"3회1,970,280원","3회/1,417,840원"
37724334,11버9274,0회,5회,전손 0회,"침수(전손,분손) 0회",도난 0회,"5회3,108,730원","2회/838,780원"
38019116,58라7152,0회,5회,전손 0회,"침수(전손,분손) 0회",도난 0회,"3회7,240,650원","1회/8,803,000원"
38214078,205오3068,1회,1회,전손 0회,"침수(전손,분손) 0회",도난 0회,없음,없음
37701957,67누8416,0회,4회,전손 0회,"침수(전손,분손) 0회",도난 0회,"5회3,594,950원","5회/6,499,680원"
38490675,55로9241,0회,3회,전손 0회,"침수(전손,분손) 0회",도난 0회,"1회457,546원","2회/1,768,659원"
38209469,50로0756,0회,4회,전손 0회,"침수(전손,분손) 0회",도난 0회,"2회1,912,620원",없음
37984518,11로4283,0회,0회,전손 0회,"침수(전손,분손) 0회",도난 0회,"4회4,136,257원",없음
38564105,49두2398,0회,1회,전손 0회,"침수(전손,분손) 0회",도난 0회,"2회1,528,223원",없음
38429194,28보6407,0회,1회,전손 0회,"침수(전손,분손) 0회",도난 0회,없음,없음
38544119,17라2394,0회,2회,전손 0회,"침수(전손,분손) 0회",도난 0회,"1회2,269,498원",없음
37949165,95소3819,0회,0회,전손 0회,"침수(전손,분손) 0회",도난 0회,"1회2,137,750원",없음
38590923,17나4932,0회,0회,전손 0회,"침수(전손,분손) 0회",도난 0회,없음,없음
38390441,31버1109,0회,1회,전손 0회,"침수(전손,분손) 0회",도난 0회,"3회2,517,260원","2회/1,827,510원"
38619860,51부0776,0회,1회,전손 0회,"침수(전손,분손) 0회",도난 0회,"2회1,142,408원",없음
37860128,27우7187,0회,1회,전손 0회,"침수(전손,분손) 0회",도난 0회,"1회9,454,950원","1회/9,025,500원"
38500005,142러4511,1회,6회,전손 0회,"침수(전손,분손) 0회",도난 0회,"1회842,627원",없음
38170508,165러8637,0회,1회,전손 0회,"침수(전손,분손) 0회",도난 0회,없음,없음
37640189,30로2745,0회,1회,전손 0회,"침수(전손,분손) 0회",도난 0회,"2회586,860원",없음
38371695,27로1822,0회,3회,전손 0회,"침수(전손,분손) 0회",도난 0회,"1회717,010원","1회/383,134원"
38060203,67주3231,0회,6회,전손 0회,"침수(전손,분손) 0회",도난 0회,"3회3,067,702원","1회/592,080원"
37961569,14라3493,0회,7회,전손 0회,"침수(전손,분손) 0회",도난 0회,"5회3,557,360원","5회/9,889,790원"
38070434,47머9157,0회,3회,전손 0회,"침수(전손,분손) 0회",도난 0회,"4회12,470,590원","1회/233,450원"
37806938,67라4647,0회,1회,전손 0회,"침수(전손,분손) 0회",도난 0회,"2회1,140,581원",없음
38588619,35러0352,0회,0회,전손 0회,"침수(전손,분손) 0회",도난 0회,"1회406,880원",없음
38291709,82노3869,0회,8회,전손 0회,"침수(전손,분손) 0회",도난 0회,"1회1,681,152원",없음
38132034,50너5822,0회,1회,전손 0회,"침수(전손,분손) 0회",도난 0회,"1회603,400원","1회/3,299,000원"
38605873,169구7935,0회,0회,전손 0회,"침수(전손,분손) 0회",도난 0회,없음,"1회/917,224원"
38085546,38어5939,0회,4회,전손 0회,"침수(전손,분손) 0회",도난 0회,"3회4,464,450원","3회/1,406,000원"
38523883,42부0420,0회,3회,전손 0회,"침수(전손,분손) 0회",도난 0회,"3회2,377,484원",없음
38608132,29로0884,0회,2회,전손 0회,"침수(전손,분손) 0회",도난 0회,"2회1,192,080원",없음
37975459,04부4105,0회,1회,전손 0회,"침수(전손,분손) 0회",도난 0회,없음,"1회/503,137원"
38122157,101조6832,2회,9회,전손 0회,"침수(전손,분손) 0회",도난 0회,"1회2,230,000원","1회/161,368원"
38559654,03나5354,0회,1회,전손 0회,"침수(전손,분손) 0회",도난 0회,"3회3,113,470원","1회/399,040원"
38631678,58부7446,1회,3회,전손 0회,"침수(전손,분손) 0회",도난 0회,"3회2,783,006원","2회/2,586,850원"
38570813,06조7113,0회,2회,전손 0회,"침수(전손,분손) 0회",도난 0회,없음,없음
37666788,151조4519,1회,1회,전손 0회,"침수(전손,분손) 0회",도난 0회,"1회1,856,565원",없음
38478911,373모1441,1회,2회,전손 0회,"침수(전손,분손) 0회",도난 0회,없음,"2회/5,562,350원"
38241861,259버6351,1회,1회,전손 0회,"침수(전손,분손) 0회",도난 0회,"1회340,282원",없음
37821072,159서1013,0회,2회,전손 0회,"침수(전손,분손) 0회",도난 0회,1회미확정,1회/미확정
38259246,22루5482,0회,3회,전손 0회,"침수(전손,분손) 0회",도난 0회,"3회1,470,818원","2회/2,317,850원"
37770984,51소0481,0회,1회,전손 0회,"침수(전손,분손) 0회",도난 0회,"6회9,295,882원","2회/849,408원"
37666663,180저9321,0회,2회,전손 0회,"침수(전손,분손) 0회",도난 0회,"2회1,525,549원",없음
38530676,92무5786,0회,1회,전손 0회,"침수(전손,분손) 0회",도난 0회,"1회8,200,000원",없음
38153919,04서0810,0회,1회,전손 0회,"침수(전손,분손) 0회",도난 0회,"6회5,772,807원","2회/2,116,640원"
38547431,221소7316,1회,4회,전손 0회,"침수(전손,분손) 0회",도난 0회,"1회1,254,970원","3회/5,944,870원"
38353428,21라4431,0회,2회,전손 0회,"침수(전손,분손) 0회",도난 0회,"1회308,110원",없음
38076039,144마6621,1회,2회,전손 0회,"침수(전손,분손) 0회",도난 0회,"1회541,507원","1회/614,690원"
38302775,261루4176,1회,1회,전손 0회,"침수(전손,분손) 0회",도난 0회,"1회817,609원",없음
38546566,51누0777,0회,7회,전손 0회,"침수(전손,분손) 0회",도난 0회,"2회1,178,150원","2회/5,392,087원"
38088724,65러0617,0회,4회,전손 0회,"침수(전손,분손) 0회",도난 0회,"4회3,955,458원",없음
38524700,19머7780,0회,5회,전손 0회,"침수(전손,분손) 0회",도난 0회,"3회2,313,880원","1회/1,099,549원"
38207175,50로0756,0회,4회,전손 0회,"침수(전손,분손) 0회",도난 0회,"2회1,912,620원",없음
37937828,25소8279,0회,3회,전손 0회,"침수(전손,분손) 0회",도난 0회,"2회1,849,936원","2회/1,783,376원"
38575607,10누0500,0회,2회,전손 0회,"침수(전손,분손) 0회",도난 0회,"2회1,080,580원",없음
37952065,06어0407,0회,6회,전손 0회,"침수(전손,분손) 0회",도난 0회,없음,"2회/1,290,222원"
37869665,26루4400,0회,1회,전손 0회,"침수(전손,분손) 0회",도난 0회,"3회2,696,220원",없음
38362352,31소1280,0회,2회,전손 0회,"침수(전손,분손) 0회",도난 0회,없음,없음
38591357,28누2499,0회,4회,전손 0회,"침수(전손,분손) 0회",도난 0회,"2회504,940원",없음
38516055,23너2588,0회,1회,전손 0회,"침수(전손,분손) 0회",도난 0회,"1회408,650원",없음
37866891,19조5706,0회,2회,전손 0회,"침수(전손,분손) 0회",도난 0회,"3회737,810원",없음
37696322,03가2706,1회,3회,전손 0회,"침수(전손,분손) 0회",도난 0회,"3회1,980,900원","1회/441,694원"
38108016,26무3008,0회,2회,전손 0회,"침수(전손,분손) 0회",도난 0회,"4회3,987,110원","3회/2,889,090원"
38351828,261루4176,1회,1회,전손 0회,"침수(전손,분손) 0회",도난 0회,"1회817,609원",없음
38304414,09더5717,0회,2회,전손 0회,"침수(전손,분손) 0회",도난 0회,"2회836,579원","1회/2,740,391원"
38597697,62가4134,0회,1회,전손 0회,"침수(전손,분손) 0회",도난 0회,"3회1,186,390원","1회/1,899,510원"
38562399,32버0104,0회,1회,전손 0회,"침수(전손,분손) 0회",도난 0회,없음,없음
38546119,86우0511,0회,0회,전손 0회,"침수(전손,분손) 0회",도난 0회,없음,없음
38525453,19주3508,0회,2회,전손 0회,"침수(전손,분손) 0회",도난 0회,"1회1,061,378원","2회/1,734,422원"
38536787,21고2291,0회,5회,전손 0회,"침수(전손,분손) 0회",도난 0회,"6회8,535,460원","4회/4,245,082원"
38291619,43누2551,0회,3회,전손 0회,"침수(전손,분손) 0회",도난 0회,"2회2,420,514원","1회/497,320원"
38262514,03거8108,0회,0회,전손 0회,"침수(전손,분손) 0회",도난 0회,"1회1,689,400원","1회/1,487,100원"
38483601,16다2830,0회,1회,전손 0회,"침수(전손,분손) 0회",도난 0회,"1회1,042,400원",없음
38520786,16구2232,0회,6회,전손 0회,"침수(전손,분손) 0회",도난 0회,"2회1,267,300원","1회/566,397원"
38464682,153부9166,0회,1회,전손 0회,"침수(전손,분손) 0회",도난 0회,없음,없음
38368488,61거0417,0회,3회,전손 0회,"침수(전손,분손) 0회",도난 0회,없음,없음
38123734,101조6832,2회,9회,전손 0회,"침수(전손,분손) 0회",도난 0회,"1회2,230,000원","1회/161,368원"
38518103,92무5786,0회,1회,전손 0회,"침수(전손,분손) 0회",도난 0회,"1회8,200,000원",없음
38057018,65라7854,0회,4회,전손 0회,"침수(전손,분손) 0회",도난 0회,없음,없음
38459779,47우4149,0회,1회,전손 0회,"침수(전손,분손) 0회",도난 0회,"2회2,328,880원",없음
37492645,394버3690,1회,1회,전손 0회,"침수(전손,분손) 0회",도난 0회,없음,없음
38257511,62노4010,0회,7회,전손 0회,"침수(전손,분손) 0회",도난 0회,"5회3,447,000원","5회/6,608,770원"
38560939,35소2280,0회,0회,전손 0회,"침수(전손,분손) 0회",도난 0회,없음,"1회/678,000원"
38562359,25나6286,0회,1회,전손 0회,"침수(전손,분손) 0회",도난 0회,"4회2,725,793원",없음
38339161,64보7392,0회,1회,전손 0회,"침수(전손,분손) 0회",도난 0회,"2회3,234,950원","3회/1,395,750원"
38264587,42가8541,1회,4회,전손 0회,"침수(전손,분손) 0회",도난 0회,"2회707,958원",없음
38639037,172무8816,0회,1회,전손 0회,"침수(전손,분손) 0회",도난 0회,"1회2,909,090원",없음
38479945,168오8840,0회,1회,전손 0회,"침수(전손,분손) 0회",도난 0회,"3회4,773,360원","3회/2,806,396원"
38637337,172무8816,0회,1회,전손 0회,"침수(전손,분손) 0회",도난 0회,"1회2,909,090원",없음
38562886,25나6286,0회,1회,전손 0회,"침수(전손,분손) 0회",도난 0회,"4회2,725,793원",없음
38513873,54소0308,0회,1회,전손 0회,"침수(전손,분손) 0회",도난 0회,"2회1,762,000원",없음
38379793,63모0163,0회,1회,전손 0회,"침수(전손,분손) 0회",도난 0회,없음,"2회/758,117원"
38352715,50도1713,0회,1회,전손 0회,"침수(전손,분손) 0회",도난 0회,없음,없음
38221971,42노3811,0회,3회,전손 0회,"침수(전손,분손) 0회",도난 0회,"2회5,841,190원",없음
38486870,46도7880,0회,1회,전손 0회,"침수(전손,분손) 0회",도난 0회,없음,없음
38481821,55로9241,0회,3회,전손 0회,"침수(전손,분손) 0회",도난 0회,"1회457,546원","2회/1,768,659원"
38436091,28무9818,0회,3회,전손 0회,"침수(전손,분손) 0회",도난 0회,"6회4,642,203원","5회/9,163,435원"
38634413,39무2857,0회,5회,전손 0회,"침수(전손,분손) 0회",도난 0회,"2회759,498원","1회/398,150원"
38571998,06조7113,0회,2회,전손 0회,"침수(전손,분손) 0회",도난 0회,없음,없음
37887268,39마8252,0회,2회,전손 0회,"침수(전손,분손) 0회",도난 0회,"1회1,559,118원","1회/1,728,157원"
38286928,27마5104,0회,3회,전손 0회,"침수(전손,분손) 0회",도난 0회,"6회4,843,609원","2회/1,383,619원"
38065156,40구6651,0회,3회,전손 0회,"침수(전손,분손) 0회",도난 0회,"6회4,201,050원",없음
38583872,87서4074,1회,2회,전손 0회,"침수(전손,분손) 0회",도난 0회,없음,없음
38384937,59거8004,0회,5회,전손 0회,"침수(전손,분손) 0회",도난 0회,"6회10,094,798원",1회/미확정
38433443,168어4010,0회,1회,전손 0회,"침수(전손,분손) 0회",도난 0회,없음,없음
38562890,107보9903,0회,1회,전손 0회,"침수(전손,분손) 0회",도난 0회,없음,없음
38534239,226무9495,0회,1회,전손 0회,"침수(전손,분손) 0회",도난 0회,없음,없음
38626305,09가8535,0회,0회,전손 0회,"침수(전손,분손) 0회",도난 0회,"2회1,460,220원","1회/612,374원"
38618430,09가8535,0회,0회,전손 0회,"침수(전손,분손) 0회",도난 0회,"2회1,460,220원","1회/612,374원"
37545571,255더8854,1회,2회,전손 0회,"침수(전손,분손) 0회",도난 0회,"5회9,290,530원",없음
38535053,06노1100,0회,1회,전손 0회,"침수(전손,분손) 0회",도난 0회,"3회2,672,160원",없음
38467738,27저4334,0회,2회,전손 0회,"침수(전손,분손) 0회",도난 0회,"4회2,772,770원","4회/3,982,056원"
38140292,04서0810,0회,1회,전손 0회,"침수(전손,분손) 0회",도난 0회,"6회5,772,807원","2회/2,116,640원"
38581075,65너0327,0회,1회,전손 0회,"침수(전손,분손) 0회",도난 0회,"3회2,336,198원","3회/2,135,320원"
38448760,53버4616,0회,1회,전손 0회,"침수(전손,분손) 0회",도난 0회,"1회414,300원","1회/1,065,000원"
38608330,308거1585,0회,3회,전손 0회,"침수(전손,분손) 0회",도난 0회,"1회1,167,250원",없음
38582753,65너0327,0회,1회,전손 0회,"침수(전손,분손) 0회",도난 0회,"3회2,336,198원","3회/2,135,320원"
38384606,61거0417,0회,3회,전손 0회,"침수(전손,분손) 0회",도난 0회,없음,없음
38615525,167러3782,0회,1회,전손 0회,"침수(전손,분손) 0회",도난 0회,"1회990,684원","1회/889,441원"
38331503,244우7972,0회,0회,전손 0회,"침수(전손,분손) 0회",도난 0회,1회미확정,없음
37116013,69소6897,0회,2회,전손 0회,"침수(전손,분손) 0회",도난 0회,"2회2,214,923원","1회/912,333원"
38533714,24마2203,0회,3회,전손 0회,"침수(전손,분손) 0회",도난 0회,"3회1,311,964원",없음
38018792,233두7820,1회,1회,전손 0회,"침수(전손,분손) 0회",도난 0회,"1회598,272원",없음
38482237,168오8840,0회,1회,전손 0회,"침수(전손,분손) 0회",도난 0회,"3회4,773,360원","3회/2,806,396원"
38601972,17나4932,0회,0회,전손 0회,"침수(전손,분손) 0회",도난 0회,없음,없음
38638778,58부7446,1회,3회,전손 0회,"침수(전손,분손) 0회",도난 0회,"3회2,783,006원","2회/2,586,850원"
38518169,24모0504,0회,2회,전손 0회,"침수(전손,분손) 0회",도난 0회,"3회2,188,440원","1회/960,430원"
38462418,14어0438,0회,3회,전손 0회,"침수(전손,분손) 0회",도난 0회,없음,없음
38401434,41고0423,0회,3회,전손 0회,"침수(전손,분손) 0회",도난 0회,없음,"1회/550,000원"
38469518,65다0144,0회,0회,전손 0회,"침수(전손,분손) 0회",도난 0회,"2회1,592,301원","1회/504,160원"
38496346,160오6348,1회,1회,전손 0회,"침수(전손,분손) 0회",도난 0회,없음,없음
38537713,27다0303,0회,7회,전손 0회,"침수(전손,분손) 0회",도난 0회,"9회31,016,603원","1회/798,400원"
36934814,28오0611,0회,2회,전손 0회,"침수(전손,분손) 0회",도난 0회,"2회1,569,420원","1회/4,544,650원"
38589052,30구7331,0회,1회,전손 0회,"침수(전손,분손) 0회",도난 0회,없음,없음
38415114,28가0134,0회,1회,전손 0회,"침수(전손,분손) 0회",도난 0회,"6회8,722,251원",없음
38601782,08어0533,0회,6회,전손 0회,"침수(전손,분손) 0회",도난 0회,"3회1,951,450원","2회/1,634,810원"
37913699,332서9076,1회,6회,전손 0회,"침수(전손,분손) 0회",도난 0회,"2회717,235원","1회/501,050원"
38603639,167러3782,0회,1회,전손 0회,"침수(전손,분손) 0회",도난 0회,"1회990,684원","1회/889,441원"
37508537,24수7580,0회,4회,전손 0회,"침수(전손,분손) 0회",도난 0회,"4회2,581,370원","2회/957,528원"
38597555,27수0292,0회,3회,전손 0회,"침수(전손,분손) 0회",도난 0회,"7회8,557,929원","5회/9,862,550원"
38377998,15도5626,0회,4회,전손 0회,"침수(전손,분손) 0회",도난 0회,"1회447,295원","2회/608,369원"
38405114,18러7515,0회,1회,전손 0회,"침수(전손,분손) 0회",도난 0회,없음,없음
37529166,55노0549,0회,4회,전손 0회,"침수(전손,분손) 0회",도난 0회,"1회357,378원","2회/1,467,160원"
38074216,244로6028,1회,1회,전손 0회,"침수(전손,분손) 0회",도난 0회,1회미확정,"2회/3,053,781원"
38422265,225오2168,0회,0회,전손 0회,"침수(전손,분손) 0회",도난 0회,없음,없음
38623242,16수4035,0회,1회,전손 0회,"침수(전손,분손) 0회",도난 0회,"1회897,410원","1회/1,266,230원"
38463400,14어0438,0회,3회,전손 0회,"침수(전손,분손) 0회",도난 0회,없음,없음
38075247,144마6621,1회,2회,전손 0회,"침수(전손,분손) 0회",도난 0회,"1회541,507원","1회/614,690원"
36387770,37누2342,0회,2회,전손 0회,"침수(전손,분손) 0회",도난 0회,"2회751,868원","1회/516,188원"
38580986,34보2647,0회,1회,전손 0회,"침수(전손,분손) 0회",도난 0회,없음,없음
38462624,282어7913,0회,4회,전손 0회,"침수(전손,분손) 0회",도난 0회,없음,"1회/731,260원"
38263752,03거8108,0회,0회,전손 0회,"침수(전손,분손) 0회",도난 0회,"1회1,689,400원","1회/1,487,100원"
38626932,150우7883,0회,1회,전손 0회,"침수(전손,분손) 0회",도난 0회,"1회518,229원",없음
38018386,12저0634,0회,3회,전손 0회,"침수(전손,분손) 0회",도난 0회,"2회1,985,890원",없음
38535558,06노1100,0회,1회,전손 0회,"침수(전손,분손) 0회",도난 0회,"3회2,672,160원",없음
38381467,64가2912,0회,1회,전손 0회,"침수(전손,분손) 0회",도난 0회,없음,없음
38500859,64나2611,0회,1회,전손 0회,"침수(전손,분손) 0회",도난 0회,"1회237,698원",없음
37663693,151조4519,1회,1회,전손 0회,"침수(전손,분손) 0회",도난 0회,"1회1,856,565원",없음
38574904,28어7342,0회,4회,전손 0회,"침수(전손,분손) 0회",도난 0회,"3회1,370,790원","4회/3,353,321원"
38375226,27로1822,0회,3회,전손 0회,"침수(전손,분손) 0회",도난 0회,"1회717,010원","1회/383,134원"
38338394,21라4431,0회,2회,전손 0회,"침수(전손,분손) 0회",도난 0회,"1회308,110원",없음
38314699,09더5717,0회,2회,전손 0회,"침수(전손,분손) 0회",도난 0회,"2회836,579원","1회/2,740,391원"
38499878,54소0308,0회,1회,전손 0회,"침수(전손,분손) 0회",도난 0회,"2회1,762,000원",없음
38474043,153부9166,0회,1회,전손 0회,"침수(전손,분손) 0회",도난 0회,없음,없음
38621222,150우7883,0회,1회,전손 0회,"침수(전손,분손) 0회",도난 0회,"1회518,229원",없음
38396716,30마7888,0회,5회,전손 0회,"침수(전손,분손) 0회",도난 0회,없음,없음
38285846,06수8254,0회,2회,전손 0회,"침수(전손,분손) 0회",도난 0회,"1회2,346,170원",없음
38442904,41로5657,0회,2회,전손 0회,"침수(전손,분손) 0회",도난 0회,"5회3,750,110원","5회/2,611,730원"
38611226,58조3421,0회,3회,전손 0회,"침수(전손,분손) 0회",도난 0회,"1회1,221,640원",없음
38615965,16수2283,0회,1회,전손 0회,"침수(전손,분손) 0회",도난 0회,"1회2,254,540원",없음
37966461,04부4105,0회,1회,전손 0회,"침수(전손,분손) 0회",도난 0회,없음,"1회/503,137원"
38407308,191고7234,5회,11회,전손 0회,"침수(전손,분손) 0회",도난 0회,"1회523,900원",없음
38590096,46저7292,0회,2회,전손 0회,"침수(전손,분손) 0회",도난 0회,없음,없음
38464884,31무7359,0회,1회,전손 0회,"침수(전손,분손) 0회",도난 0회,"1회2,225,600원",없음
38591450,62가4134,0회,1회,전손 0회,"침수(전손,분손) 0회",도난 0회,"3회1,186,390원","1회/1,899,510원"
38627054,37거0511,0회,5회,전손 0회,"침수(전손,분손) 0회",도난 0회,"3회2,096,430원","2회/1,223,379원"
36096752,29마1719,1회,6회,전손 0회,"침수(전손,분손) 0회",도난 0회,"2회5,909,100원","1회/2,700,000원"
38329868,62수0714,0회,1회,전손 0회,"침수(전손,분손) 0회",도난 0회,없음,"2회/2,099,390원"
38392622,63모0163,0회,1회,전손 0회,"침수(전손,분손) 0회",도난 0회,없음,"2회/758,117원"
38588391,46저7292,0회,2회,전손 0회,"침수(전손,분손) 0회",도난 0회,없음,없음
38336360,61더9315,1회,7회,전손 0회,"침수(전손,분손) 0회",도난 0회,"3회5,676,670원",없음
37206866,16러4328,0회,4회,전손 0회,"침수(전손,분손) 0회",도난 0회,"2회8,271,421원","1회/4,421,170원"
38474587,31무7359,0회,1회,전손 0회,"침수(전손,분손) 0회",도난 0회,"1회2,225,600원",없음
37663607,180저9321,0회,2회,전손 0회,"침수(전손,분손) 0회",도난 0회,"2회1,525,549원",없음
38600483,83구6287,0회,6회,전손 0회,"침수(전손,분손) 0회",도난 0회,없음,"5회/2,771,270원"
38167252,170라4620,0회,1회,전손 0회,"침수(전손,분손) 0회",도난 0회,없음,"1회/972,160원"
38209591,205오3068,1회,1회,전손 0회,"침수(전손,분손) 0회",도난 0회,없음,없음
38426716,09서0250,0회,4회,전손 0회,"침수(전손,분손) 0회",도난 0회,"3회5,509,609원","2회/2,011,527원"
38276157,37나0970,0회,1회,전손 0회,"침수(전손,분손) 0회",도난 0회,"2회2,113,857원",없음
38443271,11소6571,0회,4회,전손 0회,"침수(전손,분손) 0회",도난 0회,"5회4,433,146원","1회/893,960원"
38606715,308거1585,0회,3회,전손 0회,"침수(전손,분손) 0회",도난 0회,"1회1,167,250원",없음
37038283,33구6200,0회,3회,전손 0회,"침수(전손,분손) 0회",도난 0회,"2회2,049,746원",없음
38126927,64더9400,0회,2회,전손 0회,"침수(전손,분손) 0회",도난 0회,"1회1,194,870원","1회/1,414,000원"
38624907,68도0718,0회,2회,전손 0회,"침수(전손,분손) 0회",도난 0회,"3회1,611,566원","1회/477,560원"
38352722,50도1713,0회,1회,전손 0회,"침수(전손,분손) 0회",도난 0회,없음,없음
38422910,09서0250,0회,4회,전손 0회,"침수(전손,분손) 0회",도난 0회,"3회5,509,609원","2회/2,011,527원"
36394266,37누2342,0회,2회,전손 0회,"침수(전손,분손) 0회",도난 0회,"2회751,868원","1회/516,188원"
37850949,47저3614,0회,4회,전손 0회,"침수(전손,분손) 0회",도난 0회,없음,없음
38472073,230도7131,1회,2회,전손 0회,"침수(전손,분손) 0회",도난 0회,"1회4,087,500원","5회/26,707,667원"
37412071,52수3518,0회,3회,전손 0회,"침수(전손,분손) 0회",도난 0회,"1회1,492,040원","2회/776,546원"
38529265,67러0169,0회,1회,전손 0회,"침수(전손,분손) 0회",도난 0회,"2회1,486,128원",없음
38198249,89너5823,0회,2회,전손 0회,"침수(전손,분손) 0회",도난 0회,없음,없음
38365823,11서6416,0회,6회,전손 0회,"침수(전손,분손) 0회",도난 0회,"6회5,471,349원","3회/4,358,610원"
38033317,35무3468,0회,9회,전손 0회,"침수(전손,분손) 0회",도난 0회,"1회824,890원","1회/1,695,600원"
38564049,33어7577,0회,1회,전손 0회,"침수(전손,분손) 0회",도난 0회,"1회4,294,900원",없음
38335758,59소1397,0회,1회,전손 0회,"침수(전손,분손) 0회",도난 0회,"2회2,111,120원","3회/2,668,539원"
38582598,87서4074,1회,2회,전손 0회,"침수(전손,분손) 0회",도난 0회,없음,없음
37865046,201루1036,1회,1회,전손 0회,"침수(전손,분손) 0회",도난 0회,없음,없음
38634444,37거0511,0회,5회,전손 0회,"침수(전손,분손) 0회",도난 0회,"3회2,096,430원","2회/1,223,379원"
38560152,107보9903,0회,1회,전손 0회,"침수(전손,분손) 0회",도난 0회,없음,없음
37422764,52수3518,0회,3회,전손 0회,"침수(전손,분손) 0회",도난 0회,"1회1,492,040원","2회/776,546원"
38478340,282어7913,0회,4회,전손 0회,"침수(전손,분손) 0회",도난 0회,없음,"1회/731,260원"
38020969,37더3043,0회,1회,전손 0회,"침수(전손,분손) 0회",도난 0회,"5회9,049,290원","1회/764,590원"
38538961,17라2394,0회,2회,전손 0회,"침수(전손,분손) 0회",도난 0회,"1회2,269,498원",없음
38540236,312보8460,1회,4회,전손 0회,"침수(전손,분손) 0회",도난 0회,"2회1,378,430원",없음
38622867,30어5016,0회,2회,전손 0회,"침수(전손,분손) 0회",도난 0회,"6회4,522,513원","4회/1,987,438원"
38572408,21가4735,0회,3회,전손 0회,"침수(전손,분손) 0회",도난 0회,"1회471,580원","1회/545,671원"
37263647,19보1767,0회,3회,전손 0회,"침수(전손,분손) 0회",도난 0회,"4회1,886,190원",없음
37813660,30다5103,0회,3회,전손 0회,"침수(전손,분손) 0회",도난 0회,"3회2,246,840원","1회/348,900원"
38376230,35구0516,0회,2회,전손 0회,"침수(전손,분손) 0회",도난 0회,없음,없음
37892373,152거4832,1회,5회,전손 0회,"침수(전손,분손) 0회",도난 0회,"2회4,417,104원",없음
38624587,67도1754,0회,1회,전손 0회,"침수(전손,분손) 0회",도난 0회,"1회495,740원","1회/576,810원"
38347438,08누7823,1회,1회,전손 0회,"침수(전손,분손) 0회",도난 0회,"1회1,746,104원",없음
38021232,114로2786,0회,1회,전손 0회,"침수(전손,분손) 0회",도난 0회,없음,"1회/660,060원"
38411584,250더9644,1회,3회,전손 0회,"침수(전손,분손) 0회",도난 0회,"3회7,772,020원","2회/4,268,790원"
38359746,275보2754,0회,1회,전손 0회,"침수(전손,분손) 0회",도난 0회,"2회3,257,090원",없음
38615991,246로9183,0회,1회,전손 0회,"침수(전손,분손) 0회",도난 0회,없음,없음
38530586,53마6614,0회,5회,전손 0회,"침수(전손,분손) 0회",도난 0회,"3회6,123,689원","2회/12,025,550원"
38321233,295조7540,0회,1회,전손 0회,"침수(전손,분손) 0회",도난 0회,없음,없음
38438826,52가3884,1회,0회,전손 0회,"침수(전손,분손) 0회",도난 0회,"2회2,881,535원","1회/401,750원"
38627564,239더2345,0회,2회,전손 0회,"침수(전손,분손) 0회",도난 0회,"1회440,100원","1회/2,561,066원"
38539057,363가3298,1회,2회,전손 0회,"침수(전손,분손) 0회",도난 0회,"1회1,822,010원","5회/5,858,608원"
38569229,17누0988,0회,3회,전손 0회,"침수(전손,분손) 0회",도난 0회,"2회2,758,925원",없음
38533093,63무2864,0회,1회,전손 0회,"침수(전손,분손) 0회",도난 0회,없음,없음
38071703,187보2073,1회,1회,전손 0회,"침수(전손,분손) 0회",도난 0회,"1회2,358,873원","1회/668,191원"
38560622,05버4447,0회,3회,전손 0회,"침수(전손,분손) 0회",도난 0회,"1회1,266,795원",없음
38468106,50머3315,1회,4회,전손 0회,"침수(전손,분손) 0회",도난 0회,"5회3,800,332원",없음
38249359,142머7201,0회,1회,전손 0회,"침수(전손,분손) 0회",도난 0회,없음,없음
38388034,388라7776,0회,1회,전손 0회,"침수(전손,분손) 0회",도난 0회,"1회728,747원",없음
38532333,38모2730,0회,2회,전손 0회,"침수(전손,분손) 0회",도난 0회,"1회480,450원","2회/1,032,205원"
38595406,20주8556,0회,3회,전손 0회,"침수(전손,분손) 0회",도난 0회,"1회4,028,513원",없음
38491214,01조8879,0회,3회,전손 0회,"침수(전손,분손) 0회",도난 0회,없음,없음
38484151,46주2403,0회,4회,전손 0회,"침수(전손,분손) 0회",도난 0회,없음,"1회/1,313,370원"
37395300,244너5267,0회,1회,전손 0회,"침수(전손,분손) 0회",도난 0회,"1회1,994,649원","1회/190,118원"
37318607,135가5008,0회,0회,전손 0회,"침수(전손,분손) 0회",도난 0회,없음,없음
38245899,246부9118,2회,6회,전손 0회,"침수(전손,분손) 0회",도난 0회,"5회5,489,828원","2회/1,154,940원"
38212765,53로7886,0회,1회,전손 0회,"침수(전손,분손) 0회",도난 0회,"1회899,499원","1회/693,216원"
38612461,51더4677,0회,0회,전손 0회,"침수(전손,분손) 0회",도난 0회,"1회531,710원",없음
38209840,47소2484,0회,3회,전손 0회,"침수(전손,분손) 0회",도난 0회,"2회3,287,144원","1회/357,328원"
38349917,177더2561,0회,0회,전손 0회,"침수(전손,분손) 0회",도난 0회,"2회2,029,620원","1회/1,329,130원"
38073036,32부8980,0회,1회,전손 0회,"침수(전손,분손) 0회",도난 0회,"2회3,606,439원","1회/745,109원"
38375253,35구0516,0회,2회,전손 0회,"침수(전손,분손) 0회",도난 0회,없음,없음
38321857,173구9601,0회,0회,전손 0회,"침수(전손,분손) 0회",도난 0회,"1회1,482,220원","1회/737,940원"
37938212,69누4062,0회,6회,전손 0회,"침수(전손,분손) 0회",도난 0회,"7회4,429,582원",없음
37066480,42어6891,0회,1회,전손 0회,"침수(전손,분손) 0회",도난 0회,"3회9,870,244원","1회/1,256,309원"
38282730,367부3494,1회,2회,전손 0회,"침수(전손,분손) 0회",도난 0회,"1회1,249,220원","2회/707,623원"
38601970,327어4707,0회,0회,전손 0회,"침수(전손,분손) 0회",도난 0회,없음,없음
35875070,01루1259,0회,2회,전손 0회,"침수(전손,분손) 0회",도난 0회,"3회5,668,092원","3회/3,749,366원"
38387718,250구5403,1회,2회,전손 0회,"침수(전손,분손) 0회",도난 0회,없음,없음
38259809,57주9268,1회,6회,전손 0회,"침수(전손,분손) 0회",도난 0회,"4회2,581,569원","2회/1,117,830원"
38473409,262부7529,1회,4회,전손 0회,"침수(전손,분손) 0회",도난 0회,"1회1,719,236원",없음
38469306,41저2946,1회,5회,전손 0회,"침수(전손,분손) 0회",도난 0회,"2회2,460,200원",없음
38575603,57다1307,0회,3회,전손 0회,"침수(전손,분손) 0회",도난 0회,"9회17,472,967원","3회/6,722,492원"
38618417,372보3595,0회,1회,전손 0회,"침수(전손,분손) 0회",도난 0회,"2회3,049,300원",없음
38234394,45로3528,0회,1회,전손 0회,"침수(전손,분손) 0회",도난 0회,"3회4,151,790원",없음
38269679,310저6890,1회,3회,전손 0회,"침수(전손,분손) 0회",도난 0회,없음,"2회/1,062,042원"
37992627,69보0939,0회,1회,전손 0회,"침수(전손,분손) 0회",도난 0회,"4회9,614,133원",없음
38544172,193거9869,0회,1회,전손 0회,"침수(전손,분손) 0회",도난 0회,없음,없음
38578429,10고0110,0회,3회,전손 0회,"침수(전손,분손) 0회",도난 0회,없음,없음
37883141,177더4043,0회,2회,전손 0회,"침수(전손,분손) 0회",도난 0회,없음,없음
38222320,53노4971,0회,0회,전손 0회,"침수(전손,분손) 0회",도난 0회,"1회383,354원",없음
38614228,14버2286,0회,1회,전손 0회,"침수(전손,분손) 0회",도난 0회,"8회4,175,401원","3회/3,722,090원"
38438805,22부3740,0회,1회,전손 0회,"침수(전손,분손) 0회",도난 0회,없음,없음
38499231,01조8879,0회,3회,전손 0회,"침수(전손,분손) 0회",도난 0회,없음,없음
38330672,129나7118,0회,3회,전손 0회,"침수(전손,분손) 0회",도난 0회,없음,"1회/556,379원"
38416870,19무6894,0회,1회,전손 0회,"침수(전손,분손) 0회",도난 0회,없음,없음
38214691,330어1434,0회,3회,전손 0회,"침수(전손,분손) 0회",도난 0회,없음,2회/미확정
38389527,388라7776,0회,1회,전손 0회,"침수(전손,분손) 0회",도난 0회,"1회728,747원",없음
38468615,57어0584,0회,0회,전손 0회,"침수(전손,분손) 0회",도난 0회,"1회673,240원","1회/300,000원"
38532646,154구2167,0회,0회,전손 0회,"침수(전손,분손) 0회",도난 0회,없음,없음
38411583,250더9644,1회,3회,전손 0회,"침수(전손,분손) 0회",도난 0회,"3회7,772,020원","2회/4,268,790원"
38578664,187도3239,1회,3회,전손 0회,"침수(전손,분손) 0회",도난 0회,없음,없음
38396325,60두9437,0회,1회,전손 0회,"침수(전손,분손) 0회",도난 0회,"5회8,796,049원","1회/1,134,990원"
38607620,247로7542,1회,3회,전손 0회,"침수(전손,분손) 0회",도난 0회,"2회985,797원",없음
38038319,68거8885,0회,1회,전손 0회,"침수(전손,분손) 0회",도난 0회,없음,"1회/397,552원"
38041457,171루6039,0회,1회,전손 0회,"침수(전손,분손) 0회",도난 0회,"1회1,089,600원",1회/미확정
38512248,161로6110,0회,2회,전손 0회,"침수(전손,분손) 0회",도난 0회,없음,없음
38284094,46저8130,0회,3회,전손 0회,"침수(전손,분손) 0회",도난 0회,없음,없음
38378074,14도0514,0회,1회,전손 0회,"침수(전손,분손) 0회",도난 0회,"4회15,613,690원","2회/1,831,130원"
38524182,38모2730,0회,2회,전손 0회,"침수(전손,분손) 0회",도난 0회,"1회480,450원","2회/1,032,205원"
38357874,245너6933,0회,0회,전손 0회,"침수(전손,분손) 0회",도난 0회,없음,없음
38197802,23모7119,0회,3회,전손 0회,"침수(전손,분손) 0회",도난 0회,"3회6,266,400원","1회/654,070원"
38511002,01더6761,0회,1회,전손 0회,"침수(전손,분손) 0회",도난 0회,"1회2,166,489원",없음
38633198,29모0494,1회,5회,전손 0회,"침수(전손,분손) 0회",도난 0회,"4회8,499,313원","2회/3,140,400원"
37588809,205도3294,1회,4회,전손 0회,"침수(전손,분손) 0회",도난 0회,"5회5,528,809원",없음
38344309,177더2561,0회,0회,전손 0회,"침수(전손,분손) 0회",도난 0회,"2회2,029,620원","1회/1,329,130원"
38618406,246로9183,0회,1회,전손 0회,"침수(전손,분손) 0회",도난 0회,없음,없음
38321213,12저0231,0회,1회,전손 0회,"침수(전손,분손) 0회",도난 0회,"3회4,099,709원","2회/2,039,400원"
38636582,175우7137,1회,2회,전손 0회,"침수(전손,분손) 0회",도난 0회,없음,없음
38216038,19누0155,0회,6회,전손 0회,"침수(전손,분손) 0회",도난 0회,없음,"1회/451,933원"
38522197,208머3268,1회,1회,전손 0회,"침수(전손,분손) 0회",도난 0회,없음,없음
38545834,363가3298,1회,2회,전손 0회,"침수(전손,분손) 0회",도난 0회,"1회1,822,010원","5회/5,858,608원"
38332439,99부7978,0회,2회,전손 0회,"침수(전손,분손) 0회",도난 0회,없음,없음
38401774,37루4124,0회,1회,전손 0회,"침수(전손,분손) 0회",도난 0회,"8회7,067,125원","4회/3,124,089원"
38374269,313오4673,1회,2회,전손 0회,"침수(전손,분손) 0회",도난 0회,없음,"1회/1,886,500원"
38335798,265루2593,0회,1회,전손 0회,"침수(전손,분손) 0회",도난 0회,"2회1,459,828원","1회/1,637,767원"
38398649,02로5667,0회,1회,전손 0회,"침수(전손,분손) 0회",도난 0회,"4회9,192,200원","4회/5,377,510원"
38330395,51무3980,0회,5회,전손 0회,"침수(전손,분손) 0회",도난 0회,"1회1,725,798원",없음
38502472,01더6761,0회,1회,전손 0회,"침수(전손,분손) 0회",도난 0회,"1회2,166,489원",없음
38248649,142머7201,0회,1회,전손 0회,"침수(전손,분손) 0회",도난 0회,없음,없음
38010215,396루5831,0회,3회,전손 0회,"침수(전손,분손) 0회",도난 0회,"2회8,413,079원","2회/4,924,036원"
38577926,10고0110,0회,3회,전손 0회,"침수(전손,분손) 0회",도난 0회,없음,없음
38372261,60버6201,0회,6회,전손 0회,"침수(전손,분손) 0회",도난 0회,"5회11,030,757원",없음
37089766,58소9783,0회,3회,전손 0회,"침수(전손,분손) 0회",도난 0회,"6회7,000,690원","2회/492,703원"
37528956,163가8257,1회,8회,전손 0회,"침수(전손,분손) 0회",도난 0회,"3회1,646,368원",없음
38222510,17주2589,0회,2회,전손 0회,"침수(전손,분손) 0회",도난 0회,"1회691,158원","4회/2,825,821원"
38406101,312더8098,0회,0회,전손 0회,"침수(전손,분손) 0회",도난 0회,"3회2,688,757원","1회/959,264원"
38618649,133도8001,0회,1회,전손 0회,"침수(전손,분손) 0회",도난 0회,"1회2,865,458원","1회/984,689원"
38334221,99부7978,0회,2회,전손 0회,"침수(전손,분손) 0회",도난 0회,없음,없음
38113235,387고7928,1회,2회,전손 0회,"침수(전손,분손) 0회",도난 0회,없음,없음
38406583,16로7844,1회,6회,전손 0회,"침수(전손,분손) 0회",도난 0회,"4회4,809,280원","3회/2,303,830원"
38369324,290보6839,1회,2회,전손 0회,"침수(전손,분손) 0회",도난 0회,없음,"1회/1,531,895원"
38436752,52가3884,1회,0회,전손 0회,"침수(전손,분손) 0회",도난 0회,"2회2,881,535원","1회/401,750원"
37859904,23두0153,0회,1회,전손 0회,"침수(전손,분손) 0회",도난 0회,없음,없음
38054196,55러7258,0회,4회,전손 0회,"침수(전손,분손) 0회",도난 0회,"2회851,460원","3회/963,780원"
38438003,64어0260,0회,3회,전손 0회,"침수(전손,분손) 0회",도난 0회,"1회523,732원",없음
37100694,58누2799,0회,2회,전손 0회,"침수(전손,분손) 0회",도난 0회,"5회4,442,171원",없음
38549791,240어4967,1회,1회,전손 0회,"침수(전손,분손) 0회",도난 0회,"1회727,289원",없음
36816916,25머3385,0회,1회,전손 0회,"침수(전손,분손) 0회",도난 0회,"7회8,809,891원","5회/2,771,849원"
37424325,346어8791,0회,0회,전손 0회,"침수(전손,분손) 0회",도난 0회,"2회945,310원","2회/371,889원"
37546132,16마2791,0회,6회,전손 0회,"침수(전손,분손) 0회",도난 0회,"4회2,595,753원","4회/1,986,372원"
36936330,16고2014,0회,5회,전손 0회,"침수(전손,분손) 0회",도난 0회,"2회1,965,078원",없음
38634748,69소3722,0회,1회,전손 0회,"침수(전손,분손) 0회",도난 0회,"5회7,333,287원","7회/13,499,381원"
38556571,40노9194,0회,3회,전손 0회,"침수(전손,분손) 0회",도난 0회,"1회929,510원","1회/413,680원"
38334870,265루2593,0회,1회,전손 0회,"침수(전손,분손) 0회",도난 0회,"2회1,459,828원","1회/1,637,767원"
38485719,66보0973,0회,3회,전손 0회,"침수(전손,분손) 0회",도난 0회,"1회551,122원",없음
38039158,60더5721,0회,1회,전손 0회,"침수(전손,분손) 0회",도난 0회,"3회6,819,018원",없음
38469415,28부7534,0회,1회,전손 0회,"침수(전손,분손) 0회",도난 0회,"3회1,885,170원","1회/1,455,480원"
38388057,314더9638,0회,1회,전손 0회,"침수(전손,분손) 0회",도난 0회,"2회2,066,370원",없음
37306700,38무2269,0회,3회,전손 0회,"침수(전손,분손) 0회",도난 0회,"3회6,687,987원","5회/3,929,873원"
38595995,319소4004,0회,0회,전손 0회,"침수(전손,분손) 0회",도난 0회,없음,없음
38221662,53노4971,0회,0회,전손 0회,"침수(전손,분손) 0회",도난 0회,"1회383,354원",없음
38347145,245너6933,0회,0회,전손 0회,"침수(전손,분손) 0회",도난 0회,없음,없음
38247681,63서1794,0회,2회,전손 0회,"침수(전손,분손) 0회",도난 0회,"2회2,275,760원","2회/1,315,040원"
38553268,124보5466,1회,1회,전손 0회,"침수(전손,분손) 0회",도난 0회,"1회615,198원",없음
38473084,46주2403,0회,4회,전손 0회,"침수(전손,분손) 0회",도난 0회,없음,"1회/1,313,370원"
38303152,43부7240,0회,4회,전손 0회,"침수(전손,분손) 0회",도난 0회,"2회2,107,073원","4회/2,538,756원"
37032452,58머6066,0회,7회,전손 0회,"침수(전손,분손) 0회",도난 0회,"3회9,203,224원","3회/2,379,310원"
38568702,55너1950,0회,2회,전손 0회,"침수(전손,분손) 0회",도난 0회,"2회1,470,300원","1회/460,740원"
38443540,01부6775,1회,3회,전손 0회,"침수(전손,분손) 0회",도난 0회,"2회4,507,183원","4회/6,520,348원"
38431144,12모4088,0회,1회,전손 0회,"침수(전손,분손) 0회",도난 0회,"5회6,390,308원","2회/1,141,729원"
38448207,19소0575,0회,1회,전손 0회,"침수(전손,분손) 0회",도난 0회,없음,없음
38271872,46저8130,0회,3회,전손 0회,"침수(전손,분손) 0회",도난 0회,없음,없음
38631618,175우7137,1회,2회,전손 0회,"침수(전손,분손) 0회",도난 0회,없음,없음
38366565,23로4541,0회,1회,전손 0회,"침수(전손,분손) 0회",도난 0회,없음,없음
38468330,43더1401,0회,1회,전손 0회,"침수(전손,분손) 0회",도난 0회,"4회12,673,249원","5회/3,415,702원"
38545718,66거7704,0회,2회,전손 0회,"침수(전손,분손) 0회",도난 0회,"4회3,079,262원",없음
38498984,11조2157,0회,1회,전손 0회,"침수(전손,분손) 0회",도난 0회,"2회1,640,091원","2회/1,594,353원"
38247820,382우1299,0회,1회,전손 0회,"침수(전손,분손) 0회",도난 0회,없음,"1회/553,639원"
37119633,135가5008,0회,0회,전손 0회,"침수(전손,분손) 0회",도난 0회,없음,없음
38037915,388소3202,0회,0회,전손 0회,"침수(전손,분손) 0회",도난 0회,1회미확정,1회/미확정
37412710,30더4745,1회,4회,전손 0회,"침수(전손,분손) 0회",도난 0회,"4회4,566,763원","2회/1,075,660원"
38270350,30주4652,0회,1회,전손 0회,"침수(전손,분손) 0회",도난 0회,"1회530,771원","2회/1,371,197원"
38157629,55노6305,0회,6회,전손 0회,"침수(전손,분손) 0회",도난 0회,"1회692,640원",없음
38062835,173마9930,0회,0회,전손 0회,"침수(전손,분손) 0회",도난 0회,"3회2,223,818원",없음
37970486,50너2366,0회,4회,전손 0회,"침수(전손,분손) 0회",도난 0회,"2회1,509,759원","4회/1,477,042원"
37436440,45우4891,1회,9회,전손 0회,"침수(전손,분손) 0회",도난 0회,"2회605,100원",없음
38509016,40수2265,0회,2회,전손 0회,"침수(전손,분손) 0회",도난 0회,"7회5,975,168원","2회/1,381,984원"
37708647,64보6860,0회,4회,전손 0회,"침수(전손,분손) 0회",도난 0회,"6회6,784,384원","8회/11,324,142원"
38601857,316거2391,1회,2회,전손 0회,"침수(전손,분손) 0회",도난 0회,없음,없음
37881854,152거4832,1회,5회,전손 0회,"침수(전손,분손) 0회",도난 0회,"2회4,417,104원",없음
38356405,315다5732,1회,4회,전손 0회,"침수(전손,분손) 0회",도난 0회,"1회370,630원",없음
37823712,38가7604,0회,1회,전손 0회,"침수(전손,분손) 0회",도난 0회,"1회780,680원","1회/3,436,442원"
36566013,37머9242,0회,1회,전손 0회,"침수(전손,분손) 0회",도난 0회,"3회9,939,081원","2회/1,223,138원"
37309842,38무2269,0회,3회,전손 0회,"침수(전손,분손) 0회",도난 0회,"3회6,687,987원","5회/3,929,873원"
37886640,32오1389,0회,1회,전손 0회,"침수(전손,분손) 0회",도난 0회,없음,없음
38483661,40모1261,0회,6회,전손 0회,"침수(전손,분손) 0회",도난 0회,"4회4,138,855원","3회/1,709,116원"
38446541,33구9183,0회,1회,전손 0회,"침수(전손,분손) 0회",도난 0회,"3회6,612,925원","3회/2,679,608원"
38338471,235수3923,1회,2회,전손 0회,"침수(전손,분손) 0회",도난 0회,"4회6,585,294원",없음
38330584,48마2622,0회,0회,전손 0회,"침수(전손,분손) 0회",도난 0회,"2회3,493,800원","1회/2,619,106원"
38253499,316다8132,1회,1회,전손 0회,"침수(전손,분손) 0회",도난 0회,없음,"1회/1,147,585원"
38200780,14루2770,0회,3회,전손 0회,"침수(전손,분손) 0회",도난 0회,"3회4,811,720원","2회/1,434,700원"
38522736,209라4613,1회,2회,전손 0회,"침수(전손,분손) 0회",도난 0회,없음,없음
38483169,19저5941,0회,5회,전손 0회,"침수(전손,분손) 0회",도난 0회,"3회3,172,566원","2회/2,265,170원"
38604123,247로7542,1회,3회,전손 0회,"침수(전손,분손) 0회",도난 0회,"2회985,797원",없음
38502215,376구3799,0회,2회,전손 0회,"침수(전손,분손) 0회",도난 0회,없음,없음
38426547,64어0260,0회,3회,전손 0회,"침수(전손,분손) 0회",도난 0회,"1회523,732원",없음
38321210,12저0231,0회,1회,전손 0회,"침수(전손,분손) 0회",도난 0회,"3회4,099,709원","2회/2,039,400원"
38363978,59저8300,0회,2회,전손 0회,"침수(전손,분손) 0회",도난 0회,"5회3,973,640원","3회/4,345,188원"
38187520,116주6764,0회,1회,전손 0회,"침수(전손,분손) 0회",도난 0회,없음,없음
38041932,68거8885,0회,1회,전손 0회,"침수(전손,분손) 0회",도난 0회,없음,"1회/397,552원"
38522075,23루3465,0회,0회,전손 0회,"침수(전손,분손) 0회",도난 0회,"3회1,838,072원","3회/1,484,542원"
38442066,29라0248,1회,3회,전손 0회,"침수(전손,분손) 0회",도난 0회,"1회430,261원","1회/348,453원"
38222516,53로7886,0회,1회,전손 0회,"침수(전손,분손) 0회",도난 0회,"1회899,499원","1회/693,216원"
37691259,209모6564,0회,1회,전손 0회,"침수(전손,분손) 0회",도난 0회,없음,"1회/635,561원"
38455583,19소0575,0회,1회,전손 0회,"침수(전손,분손) 0회",도난 0회,없음,없음
38299564,393서5898,0회,1회,전손 0회,"침수(전손,분손) 0회",도난 0회,없음,"1회/1,272,730원"
38331161,38노7193,0회,1회,전손 0회,"침수(전손,분손) 0회",도난 0회,"3회2,637,948원",없음
38411171,43루0715,0회,3회,전손 0회,"침수(전손,분손) 0회",도난 0회,"3회11,735,266원","1회/4,322,780원"
38543476,13머0886,0회,6회,전손 0회,"침수(전손,분손) 0회",도난 0회,"3회2,138,502원","2회/864,033원"
37672632,19노7411,0회,4회,전손 0회,"침수(전손,분손) 0회",도난 0회,"1회6,512,000원","2회/1,561,978원"
38506787,101거4818,1회,5회,전손 0회,"침수(전손,분손) 0회",도난 0회,"2회2,600,217원","1회/571,950원"
38465538,57어0584,0회,0회,전손 0회,"침수(전손,분손) 0회",도난 0회,"1회673,240원","1회/300,000원"
38407223,312더8098,0회,0회,전손 0회,"침수(전손,분손) 0회",도난 0회,"3회2,688,757원","1회/959,264원"
38249016,63서1794,0회,2회,전손 0회,"침수(전손,분손) 0회",도난 0회,"2회2,275,760원","2회/1,315,040원"
38456326,288다2400,0회,1회,전손 0회,"침수(전손,분손) 0회",도난 0회,"2회4,760,215원","1회/1,511,988원"
38177375,10루7865,0회,2회,전손 0회,"침수(전손,분손) 0회",도난 0회,"1회1,883,650원",없음
38327796,14구1109,0회,0회,전손 0회,"침수(전손,분손) 0회",도난 0회,"1회2,357,710원","1회/345,340원"
38368894,35마8082,0회,1회,전손 0회,"침수(전손,분손) 0회",도난 0회,"2회5,557,818원","1회/947,388원"
38481073,132서6042,1회,1회,전손 0회,"침수(전손,분손) 0회",도난 0회,없음,"3회/4,513,970원"
38373527,275보2754,0회,1회,전손 0회,"침수(전손,분손) 0회",도난 0회,"2회3,257,090원",없음
38331856,66누3682,1회,6회,전손 0회,"침수(전손,분손) 0회",도난 0회,"2회7,016,166원","1회/1,030,500원"
38573209,20다2614,0회,2회,전손 0회,"침수(전손,분손) 0회",도난 0회,"3회3,595,138원",없음
35816475,16부9774,0회,1회,전손 0회,"침수(전손,분손) 0회",도난 0회,"1회3,066,648원",없음
38446077,56라7616,0회,5회,전손 0회,"침수(전손,분손) 0회",도난 0회,"3회3,668,500원","2회/1,874,809원"
38089971,116거3252,1회,1회,전손 0회,"침수(전손,분손) 0회",도난 0회,"1회443,650원","1회/644,600원"
38285794,40버0290,0회,1회,전손 0회,"침수(전손,분손) 0회",도난 0회,"5회4,288,034원","1회/8,610,000원"
38363375,290보6839,1회,2회,전손 0회,"침수(전손,분손) 0회",도난 0회,없음,"1회/1,531,895원"
38331428,305수3197,0회,5회,전손 0회,"침수(전손,분손) 0회",도난 0회,"1회1,538,130원","1회/2,199,558원"
38061454,187보2073,1회,1회,전손 0회,"침수(전손,분손) 0회",도난 0회,"1회2,358,873원","1회/668,191원"
38214465,24두9181,0회,5회,전손 0회,"침수(전손,분손) 0회",도난 0회,"2회1,018,490원","2회/2,193,043원"
37510231,53나2488,0회,1회,전손 0회,"침수(전손,분손) 0회",도난 0회,"3회2,425,653원","2회/2,130,047원"
38546733,181루6725,0회,1회,전손 0회,"침수(전손,분손) 0회",도난 0회,"2회4,056,394원","5회/4,895,910원"
38022473,114로2786,0회,1회,전손 0회,"침수(전손,분손) 0회",도난 0회,없음,"1회/660,060원"
38405741,19무6894,0회,1회,전손 0회,"침수(전손,분손) 0회",도난 0회,없음,없음
38359248,33가5045,0회,3회,전손 0회,"침수(전손,분손) 0회",도난 0회,"2회1,297,420원","1회/1,001,544원"
38514704,33어7476,0회,1회,전손 0회,"침수(전손,분손) 0회",도난 0회,"2회1,734,457원",없음
38066298,173마9930,0회,0회,전손 0회,"침수(전손,분손) 0회",도난 0회,"3회2,223,818원",없음
36810472,01머9476,0회,1회,전손 0회,"침수(전손,분손) 0회",도난 0회,없음,없음
38411813,25두0848,0회,2회,전손 0회,"침수(전손,분손) 0회",도난 0회,"2회1,695,060원",없음
38332253,26조3604,1회,5회,전손 0회,"침수(전손,분손) 0회",도난 0회,"3회2,841,063원","2회/1,565,205원"
38431189,25두5887,0회,8회,전손 0회,"침수(전손,분손) 0회",도난 0회,"3회6,089,950원","4회/7,509,439원"
38261459,41구3995,0회,3회,전손 0회,"침수(전손,분손) 0회",도난 0회,"2회3,897,680원","2회/4,711,520원"
38001464,129우4745,1회,2회,전손 0회,"침수(전손,분손) 0회",도난 0회,"1회1,605,000원",없음
38596528,14주5340,0회,2회,전손 0회,"침수(전손,분손) 0회",도난 0회,"1회601,040원",없음
38286769,49수2421,0회,1회,전손 0회,"침수(전손,분손) 0회",도난 0회,"4회6,371,026원","2회/783,410원"
37394618,244너5267,0회,1회,전손 0회,"침수(전손,분손) 0회",도난 0회,"1회1,994,649원","1회/190,118원"
38621131,239더2345,0회,2회,전손 0회,"침수(전손,분손) 0회",도난 0회,"1회440,100원","1회/2,561,066원"
36766792,51두0836,0회,3회,전손 0회,"침수(전손,분손) 0회",도난 0회,"1회1,907,970원",없음
38383684,63조3254,0회,0회,전손 0회,"침수(전손,분손) 0회",도난 0회,"3회16,348,736원","1회/15,873,000원"
38524864,154구2167,0회,0회,전손 0회,"침수(전손,분손) 0회",도난 0회,없음,없음
38165327,47루9781,0회,4회,전손 0회,"침수(전손,분손) 0회",도난 0회,"3회1,908,079원","2회/633,260원"
38485729,66보0973,0회,3회,전손 0회,"침수(전손,분손) 0회",도난 0회,"1회551,122원",없음
38179655,37오8921,0회,0회,전손 0회,"침수(전손,분손) 0회",도난 0회,없음,없음
38079205,352마8150,1회,1회,전손 0회,"침수(전손,분손) 0회",도난 0회,없음,없음
38064908,54조0853,0회,1회,전손 0회,"침수(전손,분손) 0회",도난 0회,"1회714,618원","1회/460,993원"
37891497,73다1364,0회,1회,전손 0회,"침수(전손,분손) 0회",도난 0회,"1회922,722원","2회/992,676원"
38580015,123노1254,1회,2회,전손 0회,"침수(전손,분손) 0회",도난 0회,없음,없음
38478246,38주7556,0회,1회,전손 0회,"침수(전손,분손) 0회",도난 0회,"3회5,095,136원","2회/826,730원"
38628378,35다9988,0회,2회,전손 0회,"침수(전손,분손) 0회",도난 0회,"6회13,788,813원","6회/10,858,378원"
36906417,32모2862,0회,4회,전손 0회,"침수(전손,분손) 0회",도난 0회,"2회2,149,700원",없음
38453229,814나5785,0회,1회,전손 0회,"침수(전손,분손) 0회",도난 0회,없음,없음
38338434,338무4693,0회,5회,전손 0회,"침수(전손,분손) 0회",도난 0회,"1회2,593,324원","1회/2,804,119원"
38429078,88더4279,0회,1회,전손 0회,"침수(전손,분손) 0회",도난 0회,"1회473,158원",없음
38607358,263마1601,0회,1회,전손 0회,"침수(전손,분손) 0회",도난 0회,없음,"1회/622,657원"
38440424,397두7807,0회,0회,전손 0회,"침수(전손,분손) 0회",도난 0회,"1회2,300,000원","1회/2,870,140원"
38562080,837조9358,0회,1회,전손 0회,"침수(전손,분손) 0회",도난 0회,"1회1,439,680원","1회/863,720원"
38274026,97소7616,0회,0회,전손 0회,"침수(전손,분손) 0회",도난 0회,없음,없음
38428325,33두8461,0회,3회,전손 0회,"침수(전손,분손) 0회",도난 0회,"2회1,886,700원",없음
38607643,258오6270,0회,1회,전손 0회,"침수(전손,분손) 0회",도난 0회,없음,없음
38594750,822소7648,0회,0회,전손 0회,"침수(전손,분손) 0회",도난 0회,없음,없음
38570378,81구2769,0회,1회,전손 0회,"침수(전손,분손) 0회",도난 0회,"7회10,732,654원","1회/1,475,609원"
38113623,396나8566,1회,0회,전손 0회,"침수(전손,분손) 0회",도난 0회,"1회530,309원",없음
38563728,337주6655,0회,0회,전손 0회,"침수(전손,분손) 0회",도난 0회,없음,없음
38500070,55머4947,0회,1회,전손 0회,"침수(전손,분손) 0회",도난 0회,없음,없음
38584169,08우3710,0회,0회,전손 0회,"침수(전손,분손) 0회",도난 0회,"3회2,733,320원",없음
38618557,01더4325,0회,6회,전손 0회,"침수(전손,분손) 0회",도난 0회,"1회801,743원","1회/1,074,180원"
38524073,08마0938,0회,3회,전손 0회,"침수(전손,분손) 0회",도난 0회,"3회2,175,909원","3회/1,516,453원"
38258381,222구3801,1회,2회,전손 0회,"침수(전손,분손) 0회",도난 0회,없음,"1회/1,481,378원"
38626653,35부3999,0회,1회,전손 0회,"침수(전손,분손) 0회",도난 0회,없음,없음
37724393,221저3517,0회,0회,전손 0회,"침수(전손,분손) 0회",도난 0회,"2회7,961,499원",없음
38393423,294도9522,0회,2회,전손 0회,"침수(전손,분손) 0회",도난 0회,1회미확정,없음
38588373,14무7034,0회,2회,전손 0회,"침수(전손,분손) 0회",도난 0회,"1회832,200원","1회/227,770원"
38447650,46너7463,0회,2회,전손 0회,"침수(전손,분손) 0회",도난 0회,"5회3,554,160원","1회/758,339원"
37866444,39마4744,0회,1회,전손 0회,"침수(전손,분손) 0회",도난 0회,"2회1,671,534원","1회/541,330원"
38121400,149무6369,0회,1회,전손 0회,"침수(전손,분손) 0회",도난 0회,"2회10,200,570원","4회/6,375,720원"
38620008,01더4325,0회,6회,전손 0회,"침수(전손,분손) 0회",도난 0회,"1회801,743원","1회/1,074,180원"
38529650,83우3474,0회,0회,전손 0회,"침수(전손,분손) 0회",도난 0회,"3회5,872,404원",없음
38585519,802가2910,0회,0회,전손 0회,"침수(전손,분손) 0회",도난 0회,없음,없음
38306333,24서7325,0회,2회,전손 0회,"침수(전손,분손) 0회",도난 0회,"2회3,378,994원","1회/2,335,326원"
38369221,80다4232,0회,0회,전손 0회,"침수(전손,분손) 0회",도난 0회,없음,없음
38371407,80다4232,0회,0회,전손 0회,"침수(전손,분손) 0회",도난 0회,없음,없음
38002921,83노8907,0회,1회,전손 0회,"침수(전손,분손) 0회",도난 0회,"1회1,914,269원",없음
38362649,245오7079,0회,1회,전손 0회,"침수(전손,분손) 0회",도난 0회,"1회1,403,539원","1회/528,460원"
38543633,86루5260,0회,2회,전손 0회,"침수(전손,분손) 0회",도난 0회,없음,없음
38528078,29다1102,0회,5회,전손 0회,"침수(전손,분손) 0회",도난 0회,"1회1,131,444원",없음
38519766,87마2101,0회,1회,전손 0회,"침수(전손,분손) 0회",도난 0회,없음,없음
38371644,181우7860,0회,0회,전손 0회,"침수(전손,분손) 0회",도난 0회,"1회2,373,500원","1회/1,303,890원"
38460529,12라0817,0회,2회,전손 0회,"침수(전손,분손) 0회",도난 0회,"2회993,066원","2회/1,645,372원"
38617882,87누4568,0회,1회,전손 0회,"침수(전손,분손) 0회",도난 0회,"1회5,891,150원","3회/6,698,370원"
38113620,396나8566,1회,0회,전손 0회,"침수(전손,분손) 0회",도난 0회,"1회530,309원",없음
38211338,142가9014,0회,0회,전손 0회,"침수(전손,분손) 0회",도난 0회,"1회860,970원","1회/551,400원"
38379684,83라3456,0회,2회,전손 0회,"침수(전손,분손) 0회",도난 0회,없음,없음
38433676,94거0989,0회,1회,전손 0회,"침수(전손,분손) 0회",도난 0회,"1회520,180원",없음
38569572,66서9273,0회,1회,전손 0회,"침수(전손,분손) 0회",도난 0회,"1회656,329원","2회/1,794,672원"
37787330,335무1350,0회,2회,전손 0회,"침수(전손,분손) 0회",도난 0회,"3회3,632,963원","2회/1,833,812원"
38396639,14저3929,0회,6회,전손 0회,"침수(전손,분손) 0회",도난 0회,"5회5,940,080원","1회/307,830원"
37856076,24무5321,0회,3회,전손 0회,"침수(전손,분손) 0회",도난 0회,"2회1,637,228원","1회/636,706원"
38417150,40가2376,0회,1회,전손 0회,"침수(전손,분손) 0회",도난 0회,"4회3,893,789원",없음
38501951,69라3461,0회,1회,전손 0회,"침수(전손,분손) 0회",도난 0회,"1회1,297,949원",없음
38312498,352다9793,1회,2회,전손 0회,"침수(전손,분손) 0회",도난 0회,"6회19,701,034원","6회/6,274,637원"
38519779,87마2101,0회,1회,전손 0회,"침수(전손,분손) 0회",도난 0회,없음,없음
38570477,21라6761,0회,1회,전손 0회,"침수(전손,분손) 0회",도난 0회,"3회2,945,310원",1회/미확정
38362529,63저4884,0회,1회,전손 0회,"침수(전손,분손) 0회",도난 0회,"3회9,889,563원","4회/20,995,314원"
38382875,96노4657,0회,1회,전손 0회,"침수(전손,분손) 0회",도난 0회,없음,없음
38169365,178더8967,0회,3회,전손 0회,"침수(전손,분손) 0회",도난 0회,"2회1,792,400원",없음
38625750,92주6788,0회,1회,전손 0회,"침수(전손,분손) 0회",도난 0회,"1회273,419원",없음
37572326,11노6708,0회,1회,전손 0회,"침수(전손,분손) 0회",도난 0회,"5회7,351,249원","3회/2,178,500원"
38400082,185부4571,0회,1회,전손 0회,"침수(전손,분손) 0회",도난 0회,"1회528,509원","1회/1,406,550원"
38133627,97모6988,0회,1회,전손 0회,"침수(전손,분손) 0회",도난 0회,"1회1,475,260원","2회/3,400,350원"
38209022,134저1351,0회,2회,전손 0회,"침수(전손,분손) 0회",도난 0회,"3회10,135,659원","5회/19,666,662원"
38446217,60마0120,0회,1회,전손 0회,"침수(전손,분손) 0회",도난 0회,"3회4,075,330원","3회/1,913,419원"
38292468,47저0524,0회,1회,전손 0회,"침수(전손,분손) 0회",도난 0회,"1회1,891,819원","1회/1,106,355원"
38570523,59러3442,1회,5회,전손 0회,"침수(전손,분손) 0회",도난 0회,"3회6,794,746원",없음
38213159,53수7672,0회,3회,전손 0회,"침수(전손,분손) 0회",도난 0회,"1회1,776,480원","3회/4,481,016원"
38490744,89주7212,0회,0회,전손 0회,"침수(전손,분손) 0회",도난 0회,없음,없음
38206658,86버7530,0회,0회,전손 0회,"침수(전손,분손) 0회",도난 0회,"2회1,296,126원",없음
38570529,13머9284,0회,1회,전손 0회,"침수(전손,분손) 0회",도난 0회,"2회1,603,500원",없음
38552644,97우1234,2회,3회,전손 0회,"침수(전손,분손) 0회",도난 0회,"1회153,400원",없음
37273677,245로9317,1회,1회,전손 0회,"침수(전손,분손) 0회",도난 0회,"3회3,882,853원","3회/5,246,179원"
38427624,85로6005,0회,3회,전손 0회,"침수(전손,분손) 0회",도난 0회,"1회957,663원","5회/4,416,280원"
38517506,265마8973,0회,1회,전손 0회,"침수(전손,분손) 0회",도난 0회,없음,없음
37859449,30조1054,0회,1회,전손 0회,"침수(전손,분손) 0회",도난 0회,"2회12,264,798원","1회/643,570원"
38179364,37오8921,0회,0회,전손 0회,"침수(전손,분손) 0회",도난 0회,없음,없음
38464843,66서2935,0회,1회,전손 0회,"침수(전손,분손) 0회",도난 0회,"2회1,207,434원",없음
38586139,04머8510,0회,1회,전손 0회,"침수(전손,분손) 0회",도난 0회,없음,"1회/338,170원"
38514986,25버2216,0회,4회,전손 0회,"침수(전손,분손) 0회",도난 0회,없음,"1회/366,896원"
38310946,43저4469,0회,3회,전손 0회,"침수(전손,분손) 0회",도난 0회,"4회4,010,740원","3회/2,588,160원"
37935743,283거8883,1회,1회,전손 0회,"침수(전손,분손) 0회",도난 0회,"1회1,265,400원","2회/1,520,140원"
38383890,83라3456,0회,2회,전손 0회,"침수(전손,분손) 0회",도난 0회,없음,없음
38387704,294도9522,0회,2회,전손 0회,"침수(전손,분손) 0회",도난 0회,1회미확정,없음
38296323,61부2377,1회,3회,전손 0회,"침수(전손,분손) 0회",도난 0회,없음,없음
38425126,25너7039,0회,1회,전손 0회,"침수(전손,분손) 0회",도난 0회,"2회1,183,420원","1회/2,246,330원"
38415987,14보7263,1회,6회,전손 0회,"침수(전손,분손) 0회",도난 0회,"2회989,410원",없음
38114767,11버9632,2회,7회,전손 0회,"침수(전손,분손) 0회",도난 0회,"2회3,225,540원",없음
38288001,255서6676,0회,1회,전손 0회,"침수(전손,분손) 0회",도난 0회,"1회1,553,625원","1회/902,580원"
38244203,12버0822,0회,5회,전손 0회,"침수(전손,분손) 0회",도난 0회,"3회3,366,678원","2회/2,774,150원"
38306751,24서7325,0회,2회,전손 0회,"침수(전손,분손) 0회",도난 0회,"2회3,378,994원","1회/2,335,326원"
38574729,88수0467,0회,1회,전손 0회,"침수(전손,분손) 0회",도난 0회,"1회1,123,900원",없음
37733201,32보0624,0회,5회,전손 0회,"침수(전손,분손) 0회",도난 0회,"4회6,916,753원","5회/3,115,229원"
38271965,222구3801,1회,2회,전손 0회,"침수(전손,분손) 0회",도난 0회,없음,"1회/1,481,378원"
38309346,16라4933,0회,6회,전손 0회,"침수(전손,분손) 0회",도난 0회,없음,"2회/1,079,411원"
38227201,187저2998,0회,1회,전손 0회,"침수(전손,분손) 0회",도난 0회,없음,"1회/944,919원"
38486440,286노6779,0회,1회,전손 0회,"침수(전손,분손) 0회",도난 0회,없음,"2회/1,540,120원"
38349384,26서3758,1회,4회,전손 0회,"침수(전손,분손) 0회",도난 0회,"2회2,109,850원","2회/369,580원"
38359231,59고0435,0회,2회,전손 0회,"침수(전손,분손) 0회",도난 0회,"1회2,003,213원","1회/360,940원"
38441694,814나5785,0회,1회,전손 0회,"침수(전손,분손) 0회",도난 0회,없음,없음
38503003,03보8060,0회,1회,전손 0회,"침수(전손,분손) 0회",도난 0회,"1회1,294,700원","1회/1,079,600원"
38484071,286노6779,0회,1회,전손 0회,"침수(전손,분손) 0회",도난 0회,없음,"2회/1,540,120원"
38620494,96나0107,0회,1회,전손 0회,"침수(전손,분손) 0회",도난 0회,"1회12,637,620원",없음
37006718,64라5626,0회,6회,전손 0회,"침수(전손,분손) 0회",도난 0회,"3회8,470,940원","3회/2,342,761원"
37765527,06러4161,0회,2회,전손 0회,"침수(전손,분손) 0회",도난 0회,없음,없음
37565573,86노0936,0회,3회,전손 0회,"침수(전손,분손) 0회",도난 0회,"1회11,244,904원","1회/1,579,160원"
38231758,187저2998,0회,1회,전손 0회,"침수(전손,분손) 0회",도난 0회,없음,"1회/944,919원"
38470083,825어7978,0회,0회,전손 0회,"침수(전손,분손) 0회",도난 0회,없음,없음
38631807,62러4381,0회,8회,전손 0회,"침수(전손,분손) 0회",도난 0회,없음,없음
38572033,837조9358,0회,1회,전손 0회,"침수(전손,분손) 0회",도난 0회,"1회1,439,680원","1회/863,720원"
37845869,88오0757,0회,1회,전손 0회,"침수(전손,분손) 0회",도난 0회,없음,없음
38224165,162주6807,0회,1회,전손 0회,"침수(전손,분손) 0회",도난 0회,없음,없음
37825918,87구0554,0회,4회,전손 0회,"침수(전손,분손) 0회",도난 0회,"3회4,135,800원",없음
35727611,25오2783,0회,0회,전손 0회,"침수(전손,분손) 0회",도난 0회,없음,없음
38583549,55오4536,0회,3회,전손 0회,"침수(전손,분손) 0회",도난 0회,"2회2,289,700원",없음
38220326,128마1801,1회,1회,전손 0회,"침수(전손,분손) 0회",도난 0회,없음,"1회/6,666,420원"
38322641,46가9420,0회,2회,전손 0회,"침수(전손,분손) 0회",도난 0회,"1회692,050원",없음
38608830,87수7393,0회,1회,전손 0회,"침수(전손,분손) 0회",도난 0회,"4회2,406,631원","3회/7,898,810원"
38580606,145루4337,0회,1회,전손 0회,"침수(전손,분손) 0회",도난 0회,없음,없음
38300792,123러6294,0회,0회,전손 0회,"침수(전손,분손) 0회",도난 0회,"1회717,224원",없음
38282187,242로1219,0회,1회,전손 0회,"침수(전손,분손) 0회",도난 0회,없음,없음
38049689,08거0403,1회,5회,전손 0회,"침수(전손,분손) 0회",도난 0회,"4회8,031,237원","3회/1,559,758원"
38325813,96두0116,0회,0회,전손 0회,"침수(전손,분손) 0회",도난 0회,"1회1,337,400원",없음
38605969,10서1062,0회,1회,전손 0회,"침수(전손,분손) 0회",도난 0회,없음,없음
38567740,142로7599,0회,1회,전손 0회,"침수(전손,분손) 0회",도난 0회,"4회4,128,119원","3회/1,532,028원"
38315416,314서5814,0회,1회,전손 0회,"침수(전손,분손) 0회",도난 0회,없음,1회/미확정
38488409,89주7212,0회,0회,전손 0회,"침수(전손,분손) 0회",도난 0회,없음,없음
37779151,06러4161,0회,2회,전손 0회,"침수(전손,분손) 0회",도난 0회,없음,없음
38391242,23더3510,0회,1회,전손 0회,"침수(전손,분손) 0회",도난 0회,"3회11,602,800원","2회/2,384,798원"
38074239,54조0853,0회,1회,전손 0회,"침수(전손,분손) 0회",도난 0회,"1회714,618원","1회/460,993원"
38488922,184서1910,1회,4회,전손 0회,"침수(전손,분손) 0회",도난 0회,없음,없음
38529603,17무7294,0회,5회,전손 0회,"침수(전손,분손) 0회",도난 0회,"1회393,000원","1회/427,540원"
38407423,74소4549,0회,3회,전손 0회,"침수(전손,분손) 0회",도난 0회,"6회3,581,048원","2회/1,661,000원"
37942093,61우2151,0회,2회,전손 0회,"침수(전손,분손) 0회",도난 0회,"2회1,881,720원","3회/1,281,616원"
38617466,87누4568,0회,1회,전손 0회,"침수(전손,분손) 0회",도난 0회,"1회5,891,150원","3회/6,698,370원"
37140652,127라8758,0회,0회,전손 0회,"침수(전손,분손) 0회",도난 0회,없음,없음
38535777,846부7436,0회,1회,전손 0회,"침수(전손,분손) 0회",도난 0회,없음,없음
38528104,265마8973,0회,1회,전손 0회,"침수(전손,분손) 0회",도난 0회,없음,없음
38475584,184서1910,1회,4회,전손 0회,"침수(전손,분손) 0회",도난 0회,없음,없음
38213695,142가9014,0회,0회,전손 0회,"침수(전손,분손) 0회",도난 0회,"1회860,970원","1회/551,400원"
38272470,42로7017,0회,1회,전손 0회,"침수(전손,분손) 0회",도난 0회,"2회1,965,364원","3회/2,118,462원"
38590881,123노1254,1회,2회,전손 0회,"침수(전손,분손) 0회",도난 0회,없음,없음
38325552,05노7382,0회,3회,전손 0회,"침수(전손,분손) 0회",도난 0회,"1회2,670,000원","1회/300,000원"
38374064,181우7860,0회,0회,전손 0회,"침수(전손,분손) 0회",도난 0회,"1회2,373,500원","1회/1,303,890원"
38613810,10서1062,0회,1회,전손 0회,"침수(전손,분손) 0회",도난 0회,없음,없음
38349459,205고7314,0회,1회,전손 0회,"침수(전손,분손) 0회",도난 0회,없음,없음
38570580,337주6655,0회,0회,전손 0회,"침수(전손,분손) 0회",도난 0회,없음,없음
38597242,61무4375,0회,1회,전손 0회,"침수(전손,분손) 0회",도난 0회,"3회3,381,785원","2회/1,848,784원"
38490662,25노0710,0회,1회,전손 0회,"침수(전손,분손) 0회",도난 0회,"1회586,060원",없음
38439263,397두7807,0회,0회,전손 0회,"침수(전손,분손) 0회",도난 0회,"1회2,300,000원","1회/2,870,140원"
38324906,49노1843,0회,1회,전손 0회,"침수(전손,분손) 0회",도난 0회,"2회1,353,300원",없음
38416601,43누5064,0회,0회,전손 0회,"침수(전손,분손) 0회",도난 0회,"1회2,641,729원","1회/1,134,800원"
38528028,98도7982,1회,1회,전손 0회,"침수(전손,분손) 0회",도난 0회,없음,없음
38531308,281나1286,0회,1회,전손 0회,"침수(전손,분손) 0회",도난 0회,"3회3,784,392원","1회/480,259원"
38347139,86머0947,0회,0회,전손 0회,"침수(전손,분손) 0회",도난 0회,없음,"1회/1,264,309원"
38295466,61부2377,1회,3회,전손 0회,"침수(전손,분손) 0회",도난 0회,없음,없음
38269753,42로7017,0회,1회,전손 0회,"침수(전손,분손) 0회",도난 0회,"2회1,965,364원","3회/2,118,462원"
38172344,18더1151,0회,1회,전손 0회,"침수(전손,분손) 0회",도난 0회,"2회1,008,209원",없음
38308892,84루7037,0회,1회,전손 0회,"침수(전손,분손) 0회",도난 0회,"1회1,877,790원",없음
37740078,327로9177,1회,1회,전손 0회,"침수(전손,분손) 0회",도난 0회,"1회2,700,000원",없음
37836227,88오0757,0회,1회,전손 0회,"침수(전손,분손) 0회",도난 0회,없음,없음
38135282,97모6988,0회,1회,전손 0회,"침수(전손,분손) 0회",도난 0회,"1회1,475,260원","2회/3,400,350원"
38334151,83수9144,0회,2회,전손 0회,"침수(전손,분손) 0회",도난 0회,"3회4,942,090원","1회/1,588,750원"
38598743,258오6270,0회,1회,전손 0회,"침수(전손,분손) 0회",도난 0회,없음,없음
38220590,14저0410,0회,4회,전손 0회,"침수(전손,분손) 0회",도난 0회,"5회4,080,744원","3회/1,897,437원"
38509587,69라3461,0회,1회,전손 0회,"침수(전손,분손) 0회",도난 0회,"1회1,297,949원",없음
38302539,47저0524,0회,1회,전손 0회,"침수(전손,분손) 0회",도난 0회,"1회1,891,819원","1회/1,106,355원"
38171996,18더1151,0회,1회,전손 0회,"침수(전손,분손) 0회",도난 0회,"2회1,008,209원",없음
38322286,96두0116,0회,0회,전손 0회,"침수(전손,분손) 0회",도난 0회,"1회1,337,400원",없음
38440691,88더4279,0회,1회,전손 0회,"침수(전손,분손) 0회",도난 0회,"1회473,158원",없음
38329683,97저7853,0회,1회,전손 0회,"침수(전손,분손) 0회",도난 0회,"1회1,543,980원","3회/9,595,788원"
38619620,13부1297,0회,2회,전손 0회,"침수(전손,분손) 0회",도난 0회,"1회1,484,938원","4회/3,359,036원"
38351676,205고7314,0회,1회,전손 0회,"침수(전손,분손) 0회",도난 0회,없음,없음
38405721,89두9965,0회,5회,전손 0회,"침수(전손,분손) 0회",도난 0회,"6회5,105,502원","4회/6,554,200원"
38467681,66서2935,0회,1회,전손 0회,"침수(전손,분손) 0회",도난 0회,"2회1,207,434원",없음
38259513,97소7616,0회,0회,전손 0회,"침수(전손,분손) 0회",도난 0회,없음,없음
38216749,84모2279,0회,2회,전손 0회,"침수(전손,분손) 0회",도난 0회,"2회2,437,170원",없음
38175730,89부1578,0회,1회,전손 0회,"침수(전손,분손) 0회",도난 0회,없음,"2회/3,466,712원"
38553304,94우0518,0회,7회,전손 0회,"침수(전손,분손) 0회",도난 0회,"1회1,961,820원","2회/2,024,130원"
38530111,331보3555,0회,1회,전손 0회,"침수(전손,분손) 0회",도난 0회,없음,없음
38612409,82버5164,0회,2회,전손 0회,"침수(전손,분손) 0회",도난 0회,"1회2,775,000원",없음
38588149,814서2456,0회,0회,전손 0회,"침수(전손,분손) 0회",도난 0회,없음,없음
38489664,87루4090,0회,2회,전손 0회,"침수(전손,분손) 0회",도난 0회,없음,"1회/1,433,120원"
38624262,17마3548,1회,3회,전손 0회,"침수(전손,분손) 0회",도난 0회,"2회1,184,590원","2회/1,449,078원"
38586356,95버1118,0회,1회,전손 0회,"침수(전손,분손) 0회",도난 0회,"2회6,254,170원","1회/3,619,430원"
38336430,49노1843,0회,1회,전손 0회,"침수(전손,분손) 0회",도난 0회,"2회1,353,300원",없음
37748237,263저2767,0회,1회,전손 0회,"침수(전손,분손) 0회",도난 0회,없음,없음
38555270,360버5304,0회,1회,전손 0회,"침수(전손,분손) 0회",도난 0회,"2회1,886,890원",없음
38346729,25보5346,0회,1회,전손 0회,"침수(전손,분손) 0회",도난 0회,"1회674,030원",없음
38490276,55머4947,0회,1회,전손 0회,"침수(전손,분손) 0회",도난 0회,없음,없음
38608301,82버5164,0회,2회,전손 0회,"침수(전손,분손) 0회",도난 0회,"1회2,775,000원",없음
38149327,235수3915,1회,1회,전손 0회,"침수(전손,분손) 0회",도난 0회,"2회2,429,858원","3회/10,106,999원"
38362339,245오7079,0회,1회,전손 0회,"침수(전손,분손) 0회",도난 0회,"1회1,403,539원","1회/528,460원"
38442908,127다7429,0회,1회,전손 0회,"침수(전손,분손) 0회",도난 0회,"8회11,235,728원","5회/3,929,760원"
38623438,35부3999,0회,1회,전손 0회,"침수(전손,분손) 0회",도난 0회,없음,없음
38400947,82노0492,0회,0회,전손 0회,"침수(전손,분손) 0회",도난 0회,없음,없음
38175734,65부0450,0회,1회,전손 0회,"침수(전손,분손) 0회",도난 0회,"2회6,466,896원","3회/2,888,038원"
38308595,803나6459,0회,1회,전손 0회,"침수(전손,분손) 0회",도난 0회,없음,없음
38460111,01오4698,0회,3회,전손 0회,"침수(전손,분손) 0회",도난 0회,없음,없음
38375288,59고0435,0회,2회,전손 0회,"침수(전손,분손) 0회",도난 0회,"1회2,003,213원","1회/360,940원"
38432344,40가2376,0회,1회,전손 0회,"침수(전손,분손) 0회",도난 0회,"4회3,893,789원",없음
38433701,46너7463,0회,2회,전손 0회,"침수(전손,분손) 0회",도난 0회,"5회3,554,160원","1회/758,339원"
38632354,82마9454,0회,3회,전손 0회,"침수(전손,분손) 0회",도난 0회,"3회1,716,216원",없음
38486471,27조8327,0회,1회,전손 0회,"침수(전손,분손) 0회",도난 0회,없음,없음
38581961,145루4337,0회,1회,전손 0회,"침수(전손,분손) 0회",도난 0회,없음,없음
38323778,05노7382,0회,3회,전손 0회,"침수(전손,분손) 0회",도난 0회,"1회2,670,000원","1회/300,000원"
38410925,94노0134,0회,1회,전손 0회,"침수(전손,분손) 0회",도난 0회,없음,없음
38164913,89부1578,0회,1회,전손 0회,"침수(전손,분손) 0회",도난 0회,없음,"2회/3,466,712원"
38530013,69버0679,0회,0회,전손 0회,"침수(전손,분손) 0회",도난 0회,없음,없음
38572932,88수0467,0회,1회,전손 0회,"침수(전손,분손) 0회",도난 0회,"1회1,123,900원",없음
