Car ID,차량번호,최초등록일,변속기종류,사용연료,주행거리(km),주행거리 계기상태,차대번호표기,튜닝,특별이력,용도변경,배출가스,리콜대상,차명,연식
38564197,394고7923,2020/07/29,오토,가솔린,"31,745km",양호,양호,없음,없음,없음,일산화탄소: 0.3% / 탄화수소: 5ppm,해당 / 미이행,G80 (RG3),2021년식
38402521,152마6666,2020/05/26,오토,가솔린,"73,939km",양호,양호,없음,없음,없음,일산화탄소: 0% / 탄화수소: 0ppm,해당 / 이행,G80,2020년식
38509443,366주3332,2015/08/21,오토,가솔린,"140,637km",양호,양호,없음,없음,있음 / 렌트,일산화탄소: 0.2% / 탄화수소: 22ppm,해당없음,더 뉴 모닝,2016년식
38234740,173두3839,2020/04/14,-,가솔린,"37,396km",양호,양호,없음,없음,없음,일산화탄소: 0.01% / 탄화수소: 1ppm,해당없음,올 뉴 K3,2020년식
38193715,200두9624,2017/07/31,오토,디젤,"153,224km",양호,양호,없음,없음,있음 / 렌트,매연: -%,해당 / 미이행,스포티지 4세대,2018년식
38415963,07누7798,2018/03/29,오토,가솔린,"47,721km",양호,양호,없음,없음,없음,일산화탄소: 0.14% / 탄화수소: 7ppm,해당없음,G80,2018년식
38434454,59마5999,2015/07/07,-,디젤,"111,609km",양호,양호,없음,없음,없음,매연: 8%,해당 / 미이행,캡티바,2015년식
37778843,316너8487,2021/06/21,-,가솔린+전기,"19,016km",양호,양호,없음,없음,없음,일산화탄소: -% / 탄화수소: 1ppm,해당없음,K5 하이브리드 3세대,2021년식
38195540,25저4235,2019/04/26,오토,가솔린,"57,171km",양호,양호,없음,없음,없음,일산화탄소: 0.01% / 탄화수소: 5ppm,해당없음,QM6,2019년식
38419970,302더6484,2020/03/23,오토,가솔린,"133,123km",양호,양호,없음,없음,없음,일산화탄소: 0.10% / 탄화수소: 0.15ppm,해당없음,더 뉴 QM6,2020년식
38146100,163수7252,2021/07/13,-,가솔린,"46,353km",양호,양호,없음,없음,있음 / 렌트,일산화탄소: 0.10% / 탄화수소: 10ppm,해당,GV70,2021년식
38447194,178하4336,2020/08/19,오토,디젤,"133,210km",양호,양호,없음,없음,있음 / 렌트,매연: -%,해당 / 이행,올 뉴 투싼,2020년식
37420824,83모0742,2017/04/04,오토,디젤,"101,255km",양호,양호,없음,없음,없음,매연: 0%,해당없음,더 뉴 코란도 스포츠,2017년식
38589155,327머5696,2022/04/22,-,가솔린,"95,027km",양호,양호,없음,없음,없음,일산화탄소: 0.00% / 탄화수소: 55ppm,해당없음,G80 (RG3),2022년식
38269387,12우0646,2016/04/05,-,가솔린,"126,661km",양호,양호,없음,없음,없음,일산화탄소: 0.15% / 탄화수소: 19ppm,해당없음,말리부,2016년식
38012957,68라1446,2017/12/13,-,디젤,"44,241km",양호,양호,없음,없음,없음,매연: 0%,해당 / 이행,더 뉴 트랙스,2018년식
38553872,69구3256,2013/05/02,-,가솔린,"136,000km",양호,양호,없음,없음,없음,일산화탄소: 1% / 탄화수소: 2ppm,해당 / 이행,더 뉴 K7,2013년식
38573705,135버6234,2020/06/23,오토,가솔린+전기,"102,877km",양호,양호,없음,없음,없음,일산화탄소: 0.05% / 탄화수소: 7ppm,해당없음,K5 하이브리드 3세대,2020년식
38560023,207도9726,2023/02/08,-,가솔린,"27,240km",양호,양호,없음,없음,없음,일산화탄소: 0% / 탄화수소: 0ppm,해당없음,토레스,2023년식
38632028,07더1617,2017/08/21,-,가솔린,"53,807km",양호,양호,없음,없음,없음,일산화탄소: 0.02% / 탄화수소: 11ppm,해당없음,올 뉴 말리부,2017년식
38634821,93다4257,2021/09/13,-,가솔린+LPG,"40,382km",양호,양호,있음 / 적법,없음,없음,일산화탄소: 0% / 탄화수소: 0ppm,해당없음,리얼 뉴 콜로라도,2021년식
38358337,354수6483,2016/09/21,오토,가솔린,"74,836km",양호,양호,없음,없음,있음 / 렌트,일산화탄소: 0.01% / 탄화수소: 1ppm,해당없음,더 뉴 모닝,2016년식
38562079,353수1526,2019/10/01,오토,가솔린,"172,202km",양호,양호,없음,없음,있음 / 렌트,일산화탄소: 0.1% / 탄화수소: 20ppm,해당없음,G70,2019년식
38426152,36오3487,2014/05/08,-,LPG(일반인 구입),"122,515km",양호,양호,없음,없음,없음,일산화탄소: 0.03% / 탄화수소: 11ppm,해당없음,올란도,2014년식
38387712,141허5120,2021/08/27,-,가솔린,"64,722km",양호,양호,없음,없음,있음 / 렌트,일산화탄소: 0% / 탄화수소: 0ppm,해당 / 이행,G80 (RG3),2022년식
38345176,291노5176,2020/09/01,오토,가솔린,"62,386km",양호,양호,없음,없음,없음,일산화탄소: 0% / 탄화수소: 0ppm,해당없음,XM3,2020년식
38381104,48더1593,2011/10/21,오토,가솔린,"120,039km",양호,양호,없음,없음,없음,일산화탄소: 0.1% / 탄화수소: 9ppm,해당없음,스파크,2012년식
37906861,199보2183,2023/08/24,오토,디젤,"4,695km",양호,양호,없음,없음,없음,매연: 1%,해당없음,렉스턴 뉴 아레나,2024년식
38462173,173마4248,2021/11/19,오토,가솔린,"24,215km",양호,양호,없음,없음,없음,일산화탄소: 0.01% / 탄화수소: 1ppm,해당 / 이행,GV70,2022년식
38463060,285무4676,2022/07/14,-,가솔린,"52,499km",양호,양호,없음,없음,없음,일산화탄소: -% / 탄화수소: -ppm,해당없음,G90 (RS4),2022년식
38406844,28호7110,2019/02/07,-,디젤,"100,725km",양호,양호,없음,없음,있음 / 렌트,매연: 0%,해당 / 미이행,더 뉴 카니발,2019년식
38565699,25주6852,2018/11/27,오토,가솔린,"77,307km",양호,양호,없음,없음,없음,일산화탄소: 0% / 탄화수소: 0ppm,해당없음,티볼리 에어,2019년식
38528990,182허1489,2021/03/04,-,가솔린,"75,006km",양호,양호,없음,없음,있음 / 렌트,일산화탄소: -% / 탄화수소: -ppm,해당없음,G90,2021년식
38627958,160마1033,2023/03/23,오토,가솔린+전기,"17,250km",양호,양호,없음,없음,없음,일산화탄소: 1% / 탄화수소: 1ppm,해당없음,스포티지 5세대 하이브리드,2023년식
38354071,68다1832,2013/06/28,오토,가솔린,"95,866km",양호,양호,없음,없음,없음,일산화탄소: 0.02% / 탄화수소: 26ppm,해당 / 이행,스파크,2014년식
38307223,391버9399,2023/10/12,-,가솔린,"10,880km",양호,양호,없음,없음,없음,일산화탄소: -% / 탄화수소: -ppm,해당없음,더 뉴 셀토스,2024년식
37568168,282조2674,2020/03/25,오토,디젤,"104,242km",양호,양호,없음,없음,있음 / 렌트,매연: 1%,해당없음,이쿼녹스,2020년식
38546876,130두8045,2024/06/05,오토,가솔린,"3,957km",양호,양호,없음,없음,없음,일산화탄소: 0.2% / 탄화수소: 2ppm,해당없음,더 뉴 토레스,2025년식
38474475,738우1463,2017/07/20,-,디젤,"158,637km",양호,양호,없음,없음,있음 / 렌트,매연: 5%,해당 / 미이행,그랜드 스타렉스,2018년식
38199901,155머6556,2022/09/20,오토,가솔린,"33,325km",양호,양호,없음,없음,없음,일산화탄소: 0.02% / 탄화수소: 3ppm,해당없음,GV70,2023년식
38391481,259모7315,2019/07/02,-,가솔린,"46,757km",양호,양호,없음,없음,있음 / 렌트,일산화탄소: 0.18% / 탄화수소: 20ppm,해당없음,G70,2019년식
38620521,274라7740,2021/03/22,-,가솔린,"22,851km",양호,양호,없음,없음,없음,일산화탄소: 0% / 탄화수소: 0ppm,해당없음,투싼 (NX4),2021년식
37271485,93도0378,2020/06/29,오토,디젤,"73,628km",양호,양호,없음,없음,없음,매연: 0%,해당없음,렉스턴 스포츠,2021년식
38505036,130러9431,2021/10/18,오토,가솔린,"31,488km",양호,양호,없음,없음,없음,일산화탄소: 0.03% / 탄화수소: 1ppm,해당없음,더 뉴 G70,2021년식
38222779,57저2580,2010/09/08,-,가솔린,"82,845km",양호,양호,없음,없음,없음,일산화탄소: 0.2% / 탄화수소: 12ppm,해당없음,K5,2011년식
38418325,249라8793,2024/03/26,-,가솔린,"15,658km",양호,양호,없음,없음,있음 / 렌트,일산화탄소: 0% / 탄화수소: 0ppm,해당없음,더 뉴 카니발 4세대,2024년식
36668130,816모3745,2022/01/18,-,디젤,"13,258km",양호,양호,없음,없음,없음,매연: 5%,해당없음,더 뉴 렉스턴 스포츠 칸,2022년식
38126460,357버1264,2016/04/27,오토,디젤,"233,523km",양호,양호,없음,없음,없음,매연: 5%,해당없음,올 뉴 카니발,2016년식
38410251,365어4732,2021/10/08,오토,가솔린,"68,942km",양호,양호,없음,없음,없음,일산화탄소: 0.06% / 탄화수소: 12ppm,해당 / 이행,쏘렌토 4세대,2022년식
38558036,102머8110,2021/04/08,-,가솔린,"70,684km",양호,양호,없음,없음,없음,일산화탄소: 0.12% / 탄화수소: 15ppm,해당 / 이행,카니발 4세대,2021년식
38392023,46저6359,2014/03/31,오토,가솔린+전기,"99,920km",양호,양호,없음,없음,없음,일산화탄소: -% / 탄화수소: -ppm,해당없음,K7 하이브리드,2014년식
38347467,20루4198,2018/04/03,-,디젤,"109,170km",양호,양호,없음,없음,없음,매연: 2%,해당없음,캡티바,2018년식
37879133,22가9377,2011/04/13,-,가솔린,"163,597km",양호,양호,없음,없음,없음,일산화탄소: 0.5% / 탄화수소: 35ppm,해당없음,아반떼 MD,2011년식
38604448,334머3104,2024/02/05,-,가솔린,"18,401km",양호,양호,없음,없음,있음 / 렌트,일산화탄소: 0.5% / 탄화수소: 50ppm,해당없음,G80 (RG3),2025년식
38538819,380루7474,2022/10/12,-,가솔린,"19,672km",양호,양호,없음,없음,없음,일산화탄소: 0% / 탄화수소: 0ppm,해당없음,GV80,2022년식
38112963,194도1661,2021/11/02,오토,가솔린,"3,048km",양호,양호,없음,없음,없음,일산화탄소: 0.00% / 탄화수소: 0ppm,해당없음,쏘나타 (DN8),2022년식
38394035,351거7296,2020/09/29,-,가솔린+전기,"88,756km",양호,양호,없음,없음,없음,일산화탄소: 0.17% / 탄화수소: 19ppm,해당,쏘렌토 4세대,2021년식
37960795,240가1076,2023/07/14,오토,가솔린,"6,542km",양호,양호,없음,없음,없음,일산화탄소: 0% / 탄화수소: 0ppm,해당없음,트랙스 크로스오버,2024년식
38419215,02도0493,2012/06/20,오토,가솔린,"152,572km",양호,양호,없음,없음,있음 / 렌트,일산화탄소: 0.06% / 탄화수소: 6ppm,해당없음,스파크,2012년식
38059733,142저1357,2020/12/08,-,가솔린,"48,082km",양호,양호,없음,없음,없음,일산화탄소: 0.02% / 탄화수소: 2ppm,해당없음,K7 프리미어,2020년식
37411696,04어2214,2019/12/31,오토,전기,"56,360km",양호,양호,없음,없음,있음 / 렌트,일산화탄소: -% / 탄화수소: -ppm,해당없음,볼트 EV,2019년식
38619510,144러7080,2019/11/14,-,가솔린,"77,913km",양호,양호,없음,없음,없음,일산화탄소: 0.2% / 탄화수소: 22ppm,해당 / 미이행,G70,2019년식
38385536,106나2848,2021/01/15,오토,가솔린+전기,"46,299km",양호,양호,없음,없음,없음,일산화탄소: 0% / 탄화수소: 0ppm,해당 / 이행,쏘렌토 4세대,2021년식
38403509,10노6201,2019/07/09,오토,디젤,"55,256km",양호,양호,없음,없음,없음,매연: 1%,해당 / 이행,베리 뉴 티볼리,2020년식
38139591,65거0417,2016/06/03,-,가솔린,"93,895km",양호,양호,없음,없음,없음,일산화탄소: 0% / 탄화수소: 0ppm,해당없음,티볼리,2016년식
38570519,195나5509,2023/07/06,-,가솔린,"18,902km",양호,양호,없음,없음,없음,일산화탄소: 0.00% / 탄화수소: 1ppm,해당 / 이행,토레스,2024년식
38475551,316러1143,2022/11/01,오토,가솔린,"53,464km",양호,양호,없음,없음,없음,일산화탄소: -% / 탄화수소: -ppm,해당없음,GV80,2022년식
38503052,248다8975,2023/10/25,-,가솔린,"5,147km",양호,양호,없음,없음,없음,일산화탄소: -% / 탄화수소: -ppm,해당없음,GV80,2023년식
38382746,175루1176,2020/05/11,오토,가솔린,"39,879km",양호,양호,없음,없음,있음 / 렌트,일산화탄소: 0.10% / 탄화수소: 13ppm,해당없음,G70,2020년식
38576559,62노0764,2016/02/12,-,디젤,"151,987km",양호,양호,없음,없음,없음,매연: 2%,해당없음,올 뉴 K7,2016년식
38285981,152호7866,2020/09/11,오토,가솔린,"50,789km",양호,양호,없음,없음,있음 / 렌트,일산화탄소: 0.02% / 탄화수소: 3ppm,해당없음,베리 뉴 티볼리,2021년식
35607281,12고7039,2014/04/23,-,가솔린,"143,727km",양호,양호,없음,없음,없음,일산화탄소: 0.0% / 탄화수소: 48.0ppm,해당없음,에쿠스(신형),2015년식
38631165,34서0673,2015/12/23,-,가솔린,"125,543km",양호,양호,없음,없음,없음,일산화탄소: 0.3% / 탄화수소: 5ppm,해당없음,말리부,2015년식
37864823,160보3696,2022/05/03,오토,가솔린+전기,"21,619km",양호,양호,없음,없음,없음,일산화탄소: 0.02% / 탄화수소: 1ppm,해당없음,K8 하이브리드,2022년식
38508892,06소9422,2017/03/07,-,가솔린,"89,343km",양호,양호,없음,없음,없음,일산화탄소: 0.01% / 탄화수소: 1ppm,해당없음,더 넥스트 스파크,2017년식
36806605,21두1483,2017/04/11,-,가솔린,"111,718km",양호,양호,없음,없음,없음,일산화탄소: 4% / 탄화수소: 2ppm,해당없음,티볼리,2017년식
38172643,233고2322,2020/05/19,오토,디젤,"110,341km",양호,양호,없음,없음,있음 / 렌트,매연: 2%,해당 / 이행,GV80,2020년식
38367709,04어3184,2014/10/06,오토,가솔린,"140,171km",양호,양호,없음,없음,있음 / 렌트,일산화탄소: 0.02% / 탄화수소: 3ppm,해당 / 미이행,크루즈,2014년식
38419888,343누9045,2021/07/21,-,가솔린,"48,564km",양호,양호,없음,없음,있음 / 렌트,일산화탄소: -% / 탄화수소: -ppm,해당없음,팰리세이드,2022년식
38123216,253두6277,2017/01/20,-,가솔린,"98,311km",양호,양호,없음,없음,없음,일산화탄소: -% / 탄화수소: -ppm,해당 / 이행,그랜저 IG,2017년식
38589586,214누5179,2021/06/18,-,가솔린,"128,997km",양호,양호,없음,없음,있음 / 렌트,일산화탄소: 0.1% / 탄화수소: 10ppm,해당 / 이행,아반떼 (CN7),2021년식
38214461,05우0581,2015/12/08,-,가솔린,"56,204km",양호,양호,없음,없음,없음,일산화탄소: 0.06% / 탄화수소: 4ppm,해당 / 이행,더 뉴 K7,2016년식
38335435,108루1009,2017/10/07,-,디젤,"77,790km",양호,양호,없음,없음,없음,매연: 9%,해당없음,티볼리 아머,2018년식
38586605,66로0434,2016/03/25,-,가솔린,"75,112km",양호,양호,없음,없음,없음,일산화탄소: 0.05% / 탄화수소: 7ppm,해당없음,티볼리,2016년식
38392986,69더0665,2015/12/04,-,디젤,"94,905km",양호,양호,없음,없음,없음,매연: 0%,해당없음,올란도,2016년식
38463065,808버1967,2022/05/27,-,디젤,"20,843km",양호,양호,있음 / 적법,없음,없음,매연: 1%,해당없음,더 뉴 렉스턴 스포츠,2022년식
38627110,54라1177,2015/07/13,오토,가솔린,"146,272km",양호,양호,없음,없음,있음 / 렌트,일산화탄소: 0.02% / 탄화수소: 9ppm,해당 / 미이행,더 뉴 K9,2015년식
38160955,171노9313,2020/10/27,오토,디젤,"121,324km",양호,양호,없음,없음,없음,매연: 4%,해당없음,GV80,2020년식
38637256,251마1663,2020/09/21,오토,디젤,"101,000km",양호,양호,없음,없음,있음 / 렌트,매연: -%,해당 / 이행,GV80,2020년식
38391687,148무3044,2023/11/16,오토,가솔린,"39,338km",양호,양호,없음,없음,없음,일산화탄소: 0.01% / 탄화수소: 0.9ppm,해당,G80 (RG3),2024년식
38395901,813라9517,2022/06/24,-,디젤,"22,581km",양호,양호,없음,없음,없음,매연: 2%,해당없음,더 뉴 렉스턴 스포츠 칸,2022년식
38490383,317보7661,2021/07/13,-,가솔린,"9,202km",양호,양호,없음,없음,없음,일산화탄소: -% / 탄화수소: -ppm,해당없음,더 뉴 스파크,2022년식
36280547,39라1985,2017/08/17,-,가솔린,"28,406km",양호,양호,없음,없음,없음,일산화탄소: 0.03% / 탄화수소: 4ppm,해당없음,티볼리 아머,2018년식
38481757,11러1834,2007/01/05,오토,LPG(일반인 구입),"112,548km",양호,양호,없음,없음,없음,일산화탄소: 0% / 탄화수소: 32ppm,해당없음,로체,2007년식
37584625,10거3113,2019/05/30,오토,가솔린,"9,858km",양호,양호,없음,없음,없음,일산화탄소: 0.07% / 탄화수소: 4ppm,해당없음,더 뉴 스파크,2019년식
38306774,209모5710,2022/10/14,-,가솔린+전기,"24,800km",양호,양호,없음,없음,없음,일산화탄소: 0.1% / 탄화수소: 0.1ppm,해당없음,쏘렌토 4세대,2023년식
38420424,176우2298,2021/03/22,오토,가솔린,"26,070km",양호,양호,없음,없음,없음,일산화탄소: 0.01% / 탄화수소: 3ppm,해당없음,셀토스,2022년식
38417653,67모9921,2011/05/11,-,가솔린,"81,830km",양호,양호,없음,없음,없음,일산화탄소: 0.03% / 탄화수소: 8ppm,해당없음,그랜저 HG,2011년식
38208631,255가3266,2020/01/17,-,LPG(일반인 구입),"112,352km",양호,양호,없음,없음,없음,일산화탄소: 0.03% / 탄화수소: 4ppm,해당없음,더 뉴 QM6,2020년식
38599354,290소4095,2019/10/23,오토,LPG(일반인 구입),"50,647km",양호,양호,없음,없음,없음,일산화탄소: 0.02% / 탄화수소: 3ppm,해당없음,더 뉴 QM6,2020년식
38358053,57루7177,2018/01/25,-,가솔린,"46,774km",양호,양호,없음,없음,없음,일산화탄소: 0.12% / 탄화수소: 13ppm,해당없음,더 넥스트 스파크,2018년식
38325452,02수0378,2016/08/02,-,가솔린,"127,583km",양호,양호,없음,없음,없음,일산화탄소: 0.06% / 탄화수소: 6ppm,해당 / 이행,올 뉴 말리부,2017년식
38491924,61무7569,2013/10/14,오토,가솔린,"145,721km",양호,양호,없음,없음,없음,일산화탄소: 0.07% / 탄화수소: 9ppm,해당없음,뉴SM5 플래티넘,2014년식
37645775,54너3941,2009/07/22,오토,가솔린,"148,106km",양호,양호,없음,없음,없음,일산화탄소: 0.08% / 탄화수소: 16ppm,해당없음,SM5 뉴 임프레션,2009년식
38060567,65노5110,2014/03/17,-,디젤,"135,598km",양호,양호,없음,없음,없음,매연: 1%,해당 / 이행,올란도,2014년식
38520265,381조1872,2022/09/08,-,디젤,"22,351km",양호,양호,없음,없음,없음,매연: 00%,해당없음,GV80,2022년식
37687194,51구1336,2017/05/19,-,가솔린,"99,223km",양호,양호,없음,없음,없음,일산화탄소: 0% / 탄화수소: 0ppm,해당없음,올 뉴 말리부,2017년식
38407658,196오7145,2020/09/29,오토,가솔린,"45,307km",양호,양호,없음,없음,없음,일산화탄소: 0.03% / 탄화수소: 3ppm,해당없음,더 뉴 레이,2021년식
38421292,78더9905,2016/01/04,-,디젤,"98,542km",양호,양호,없음,없음,없음,매연: 0%,해당없음,코란도 투리스모,2016년식
38573154,356더6487,2020/03/25,-,LPG(일반인 구입),"96,667km",양호,양호,없음,없음,없음,일산화탄소: 0% / 탄화수소: 0ppm,해당없음,더 뉴 QM6,2020년식
38405753,32저1761,2014/12/02,오토,가솔린,"185,709km",양호,양호,없음,없음,없음,일산화탄소: 0.2% / 탄화수소: 30ppm,해당 / 이행,뉴SM5 플래티넘,2014년식
37765706,20가0786,2016/07/13,오토,가솔린,"100,340km",양호,양호,없음,없음,없음,일산화탄소: 0.02% / 탄화수소: 6ppm,해당없음,SM3 네오,2016년식
38153764,270부5949,2023/07/20,-,가솔린,"7,402km",양호,양호,없음,없음,있음 / 렌트,일산화탄소: 0.01% / 탄화수소: 1.0ppm,해당 / 이행,GV70,2023년식
38023127,324다6545,2018/06/14,-,가솔린,"85,821km",양호,양호,있음 / 적법,없음,없음,일산화탄소: 0.01% / 탄화수소: 5ppm,해당없음,스팅어,2019년식
38528988,267더3176,2020/11/02,-,가솔린+전기,"41,145km",양호,양호,없음,없음,있음 / 렌트,일산화탄소: 0.2% / 탄화수소: 19ppm,해당 / 이행,아반떼 하이브리드 (CN7),2021년식
38527653,178부6915,2020/11/03,-,가솔린,"100,688km",양호,양호,없음,없음,없음,일산화탄소: -% / 탄화수소: -ppm,해당 / 미이행,G90,2021년식
38403606,21고8481,2017/06/19,오토,가솔린,"103,195km",양호,양호,없음,없음,없음,일산화탄소: 0.18% / 탄화수소: 17ppm,해당없음,G80,2018년식
38549055,162누5275,2023/04/26,오토,가솔린,"13,922km",양호,양호,없음,없음,없음,일산화탄소: -% / 탄화수소: -ppm,해당없음,토레스,2023년식
38626655,15두2861,2017/09/14,오토,가솔린,"45,515km",양호,양호,없음,없음,없음,일산화탄소: 0% / 탄화수소: 0ppm,해당없음,그랜저 IG,2018년식
38513952,15부3756,2014/04/22,오토,디젤,"91,300km",양호,양호,없음,없음,없음,매연: -%,해당 / 이행,QM3,2014년식
38009822,13로1675,2014/11/18,오토,디젤,"59,146km",양호,양호,없음,없음,없음,매연: -%,해당 / 미이행,올 뉴 쏘렌토,2015년식
37945363,399거2314,2019/09/27,-,LPG(일반인 구입),"33,693km",양호,양호,없음,없음,있음 / 렌트,일산화탄소: 0.02% / 탄화수소: 3ppm,해당없음,더 뉴 QM6,2020년식
38254557,63우6641,2015/03/03,-,디젤,"111,145km",양호,양호,없음,없음,없음,매연: 5%,해당 / 이행,올 뉴 카니발,2015년식
38030720,20버8140,2013/12/04,-,가솔린,"185,106km",양호,양호,없음,없음,없음,일산화탄소: 0% / 탄화수소: 0ppm,해당없음,더 뉴 아반떼,2014년식
37503213,332누7482,2017/05/26,오토,가솔린,"95,591km",양호,양호,없음,없음,있음 / 렌트,일산화탄소: 0.2% / 탄화수소: 22ppm,해당없음,더 뉴 K3,2017년식
38519299,80너7677,2017/01/31,오토,디젤,"168,992km",양호,양호,없음,없음,없음,매연: -%,해당없음,더 뉴 코란도 스포츠,2017년식
37990462,95조3453,2017/09/26,오토,디젤,"53,302km",양호,양호,없음,없음,없음,매연: 3%,해당 / 이행,그랜드 스타렉스,2018년식
38396450,06저7976,2019/08/29,-,가솔린,"149,727km",양호,양호,없음,없음,없음,일산화탄소: 0.02% / 탄화수소: 0.03ppm,해당없음,G80,2019년식
38375717,162고5681,2020/09/29,오토,가솔린,"45,202km",양호,양호,없음,없음,있음 / 렌트,일산화탄소: 0.03% / 탄화수소: 4ppm,해당 / 이행,XM3,2020년식
38409332,82고0155,2019/11/15,-,디젤,"128,166km",양호,양호,없음,없음,없음,매연: -%,해당없음,렉스턴 스포츠,2020년식
38153585,17저2724,2017/10/24,-,가솔린,"113,070km",양호,양호,없음,없음,없음,일산화탄소: 0.2% / 탄화수소: 22ppm,해당 / 미이행,G80,2018년식
38490289,83도0494,2019/06/14,-,디젤,"139,192km",양호,양호,없음,없음,없음,매연: 1%,해당없음,더 뉴 그랜드 스타렉스,2019년식
38405468,30구3353,2013/05/03,오토,가솔린,"59,341km",양호,양호,없음,없음,없음,일산화탄소: 0.14% / 탄화수소: 7ppm,해당 / 이행,트랙스,2013년식
38254241,251루5046,2018/06/01,오토,가솔린,"82,864km",양호,양호,없음,없음,있음 / 렌트,일산화탄소: 0.11% / 탄화수소: 21ppm,해당없음,올 뉴 K3,2019년식
38230065,32무5425,2011/08/02,오토,가솔린,"98,249km",양호,양호,없음,없음,없음,일산화탄소: -% / 탄화수소: -ppm,해당없음,그랜저 HG,2011년식
38357676,226너9416,2020/09/14,-,LPG(일반인 구입),"89,986km",양호,양호,없음,없음,없음,일산화탄소: 0.07% / 탄화수소: 9ppm,해당없음,더 뉴 QM6,2020년식
38430037,157누4290,2021/02/04,-,가솔린,"45,155km",양호,양호,없음,없음,없음,일산화탄소: -% / 탄화수소: -ppm,해당없음,팰리세이드,2021년식
38252842,252우3035,2020/05/04,-,디젤,"95,757km",양호,양호,없음,없음,없음,매연: 5%,해당없음,GV80,2020년식
38591500,05무2869,2018/10/18,오토,디젤,"82,518km",양호,양호,없음,없음,없음,매연: 1%,해당없음,QM6,2019년식
38347911,45루0652,2015/09/24,오토,디젤,"125,356km",양호,양호,없음,없음,없음,매연: 3%,해당 / 미이행,뉴코란도 C,2016년식
37720434,235저1379,2020/02/14,-,가솔린,"97,625km",양호,양호,없음,없음,있음 / 렌트,일산화탄소: 0.74% / 탄화수소: 1ppm,해당없음,G90,2020년식
38216728,141러2178,2021/01/20,-,가솔린+전기,"74,474km",양호,양호,없음,없음,없음,일산화탄소: 0.01% / 탄화수소: 1ppm,해당없음,쏘렌토 4세대,2021년식
38621357,226가6546,2021/10/20,-,가솔린,"72,556km",양호,양호,없음,없음,있음 / 렌트,일산화탄소: 0.2% / 탄화수소: 16ppm,해당 / 이행,카니발 4세대,2022년식
38557533,164머6664,2020/07/23,오토,가솔린,"85,729km",양호,양호,없음,없음,있음 / 렌트,일산화탄소: 0.04% / 탄화수소: 4ppm,해당 / 이행,더 뉴 QM6,2020년식
38614651,289두1338,2020/08/28,-,디젤,"129,553km",양호,양호,없음,없음,있음 / 렌트,매연: 1%,해당 / 미이행,더 뉴 트랙스,2021년식
38464086,181어8164,2023/06/09,-,가솔린+전기,"16,808km",양호,양호,없음,없음,없음,일산화탄소: 0% / 탄화수소: 0ppm,해당없음,투싼 하이브리드 (NX4),2023년식
38604544,239어3113,2020/10/23,오토,디젤,"102,456km",양호,양호,없음,없음,있음 / 렌트,매연: 3%,해당 / 미이행,팰리세이드,2021년식
38613792,01주5174,2017/07/20,오토,가솔린,"29,666km",양호,양호,없음,없음,없음,일산화탄소: 0.1% / 탄화수소: 15ppm,해당없음,더 넥스트 스파크,2017년식
38558820,06누6739,2018/02/20,-,전기,"163,928km",양호,양호,없음,없음,없음,일산화탄소: -% / 탄화수소: -ppm,해당 / 이행,아이오닉 일렉트릭,2018년식
38391771,35로3176,2012/11/02,-,가솔린,"192,750km",양호,양호,없음,없음,없음,일산화탄소: 0% / 탄화수소: 0.00ppm,해당없음,크루즈,2013년식
38397399,68두8641,2014/03/21,-,가솔린,"86,650km",양호,양호,없음,없음,없음,일산화탄소: 0.03% / 탄화수소: 4ppm,해당없음,그랜저 HG,2014년식
38605187,24조4029,2016/07/26,오토,LPG(일반인 구입),"170,886km",양호,양호,없음,없음,없음,일산화탄소: 0.03% / 탄화수소: 2ppm,해당없음,SM7 노바,2017년식
37755297,358저1171,2022/12/21,-,가솔린,"4,057km",양호,양호,없음,없음,없음,일산화탄소: 0% / 탄화수소: 1ppm,해당 / 이행,토레스,2023년식
38312817,144가4143,2020/12/17,오토,가솔린,"35,497km",양호,양호,없음,없음,없음,일산화탄소: -% / 탄화수소: 1ppm,해당,모닝 어반 (JA),2021년식
38535941,16보6603,2014/12/10,오토,디젤,"126,950km",양호,양호,없음,없음,없음,매연: 4%,해당없음,QM5 네오,2014년식
38408068,396무4676,2019/12/23,오토,LPG(일반인 구입),"54,600km",양호,양호,없음,없음,없음,일산화탄소: 0.1% / 탄화수소: 4ppm,해당없음,더 뉴 아반떼 AD,2020년식
38603200,65노0229,2016/11/25,오토,가솔린,"111,222km",양호,양호,없음,없음,없음,일산화탄소: 0.2% / 탄화수소: 2ppm,해당없음,G80,2017년식
38192120,134두3108,2019/07/03,오토,가솔린,"130,347km",양호,양호,없음,없음,있음 / 렌트,일산화탄소: 0.13% / 탄화수소: 16ppm,해당없음,G90,2019년식
38144553,30구8940,2015/03/17,오토,가솔린,"76,502km",양호,양호,없음,없음,없음,일산화탄소: 0% / 탄화수소: 5ppm,해당없음,레이,2016년식
38421929,153저6157,2021/03/05,-,디젤,"60,570km",양호,양호,없음,없음,없음,매연: 5%,해당 / 이행,스포티지 더 볼드,2022년식
38617128,01주5174,2017/07/20,오토,가솔린,"29,666km",양호,양호,없음,없음,없음,일산화탄소: 0.1% / 탄화수소: 15ppm,해당없음,더 넥스트 스파크,2017년식
38351477,57도4899,2010/05/05,-,가솔린,"105,185km",양호,양호,없음,없음,없음,일산화탄소: 0.29% / 탄화수소: 31ppm,해당 / 이행,라세티 프리미어,2010년식
37709577,45구8519,2018/10/12,-,가솔린,"120,716km",양호,양호,없음,없음,없음,일산화탄소: 0% / 탄화수소: 10ppm,해당없음,SM7 노바,2018년식
38329646,85러6713,2009/09/07,수동,디젤,"182,282km",양호,양호,없음,없음,없음,매연: 5%,해당없음,그랜드 스타렉스,2010년식
38550826,120로6068,2021/12/31,오토,디젤,"55,130km",양호,양호,없음,없음,없음,매연: 3%,해당없음,모하비 더 마스터,2021년식
38602300,43소8930,2012/01/02,오토,LPG(일반인 구입),"261,041km",양호,양호,없음,없음,없음,일산화탄소: -% / 탄화수소: 10ppm,해당없음,YF 쏘나타,2012년식
37673765,149모9710,2021/03/22,-,가솔린,"82,643km",양호,양호,없음,없음,있음 / 렌트,일산화탄소: 0.74% / 탄화수소: 1.2ppm,해당없음,G80 (RG3),2021년식
38258177,373나2804,2022/07/13,-,가솔린,"26,967km",양호,양호,없음,없음,없음,일산화탄소: 0.10% / 탄화수소: 12ppm,해당없음,더 뉴 레이,2022년식
37579676,10거3113,2019/05/30,오토,가솔린,"9,858km",양호,양호,없음,없음,없음,일산화탄소: 0.07% / 탄화수소: 4ppm,해당없음,더 뉴 스파크,2019년식
37082649,43나6807,2017/11/24,오토,디젤,"64,379km",양호,양호,없음,없음,없음,매연: 0%,해당없음,티볼리 아머,2018년식
38502215,376구3799,2020/09/11,오토,가솔린,"99,559km",양호,양호,없음,없음,없음,일산화탄소: 0.02% / 탄화수소: 3ppm,해당없음,XM3,2020년식
38503252,193로2832,2021/01/19,-,가솔린,"22,176km",양호,양호,없음,없음,없음,일산화탄소: 0.01% / 탄화수소: 1ppm,해당없음,G80 (RG3),2021년식
38608641,15루0119,2015/09/15,-,가솔린,"102,694km",양호,양호,없음,없음,없음,일산화탄소: 0.05% / 탄화수소: 5ppm,해당 / 이행,트랙스,2015년식
38488922,184서1910,2019/09/18,오토,디젤,"48,541km",양호,양호,없음,없음,있음 / 렌트,매연: 2%,해당 / 미이행,베리 뉴 티볼리,2020년식
38323288,105서9086,2020/04/14,-,디젤,"74,182km",양호,양호,없음,없음,있음 / 렌트,매연: 11%,해당 / 미이행,GV80,2020년식
38631912,61보1439,2010/11/18,오토,가솔린,"156,651km",양호,양호,없음,없음,없음,일산화탄소: 0% / 탄화수소: 10ppm,해당없음,마티즈 크리에이티브,2011년식
38088554,338더7235,2022/06/10,-,LPG(일반인 구입),"64,061km",양호,양호,없음,없음,없음,일산화탄소: 0.1% / 탄화수소: 1ppm,해당없음,더 뉴 QM6,2022년식
37862818,199노2730,2021/05/13,오토,가솔린,"43,443km",양호,양호,없음,없음,있음 / 렌트,일산화탄소: -% / 탄화수소: -ppm,해당 / 이행,G80 (RG3),2021년식
37589856,124가1065,2016/12/29,오토,LPG(일반인 구입),"137,344km",양호,양호,없음,없음,있음 / 렌트,일산화탄소: 0% / 탄화수소: 0ppm,해당없음,SM6,2016년식
36854192,225모2436,2019/10/30,-,가솔린,"56,665km",양호,양호,없음,없음,있음 / 렌트,일산화탄소: 0% / 탄화수소: 0ppm,해당없음,G90,2019년식
38330555,14수6398,2017/11/01,오토,디젤,"71,209km",양호,양호,없음,없음,없음,매연: 3%,해당 / 이행,티볼리 에어,2018년식
38583211,178호7640,2020/10/15,-,가솔린,"117,243km",양호,양호,없음,없음,있음 / 렌트,일산화탄소: -% / 탄화수소: -ppm,해당없음,G80 (RG3),2021년식
36949903,182저7717,2016/11/11,오토,가솔린,"77,356km",양호,양호,없음,없음,있음 / 렌트,일산화탄소: 0.02% / 탄화수소: 4ppm,해당없음,SM3 네오,2016년식
38498951,66주8718,2019/04/10,-,가솔린,"45,777km",양호,양호,없음,없음,없음,일산화탄소: 0.05% / 탄화수소: 6ppm,해당 / 이행,쏘나타 (DN8),2020년식
38448718,53마8326,2014/01/08,오토,디젤,"152,422km",양호,양호,없음,없음,없음,매연: 7%,해당 / 미이행,QM3,2014년식
38553235,165부1214,2022/12/05,오토,가솔린,"20,226km",양호,양호,없음,없음,없음,일산화탄소: 0.01% / 탄화수소: 1ppm,해당없음,타호,2022년식
38564200,204나7183,2021/05/03,-,가솔린,"27,647km",양호,양호,없음,없음,없음,일산화탄소: 0.1% / 탄화수소: 6ppm,해당없음,K8,2022년식
38216815,61나5362,2017/06/05,오토,가솔린,"84,828km",양호,양호,없음,없음,없음,일산화탄소: 0.04% / 탄화수소: 4ppm,해당없음,티볼리 에어,2017년식
38460105,180오7116,2022/11/02,오토,디젤,"34,925km",양호,양호,없음,없음,있음 / 렌트,매연: 2%,해당없음,올 뉴 렉스턴,2023년식
37444753,226다7391,2023/03/20,오토,가솔린,"23,170km",양호,양호,없음,없음,없음,일산화탄소: 0% / 탄화수소: 0ppm,해당없음,G80 (RG3),2023년식
38623773,01부0418,2016/12/08,-,가솔린,"104,982km",양호,양호,없음,없음,없음,일산화탄소: 0.01% / 탄화수소: 3ppm,해당없음,K5 2세대,2017년식
38163352,38버7764,2009/08/21,오토,가솔린,"68,455km",양호,양호,없음,없음,없음,일산화탄소: 0% / 탄화수소: 0ppm,해당없음,라세티 프리미어,2009년식
38171525,360도5513,2016/12/20,-,가솔린,"149,881km",양호,양호,있음 / 적법,없음,있음 / 렌트,일산화탄소: -% / 탄화수소: -ppm,해당없음,올 뉴 말리부,2017년식
38571022,315버4505,2021/03/31,오토,가솔린,"31,356km",양호,양호,없음,없음,없음,일산화탄소: 0.02% / 탄화수소: 3ppm,해당 / 이행,팰리세이드,2021년식
38480294,263저6896,2021/05/18,-,가솔린,"25,948km",양호,양호,없음,없음,없음,일산화탄소: 0.01% / 탄화수소: 2ppm,해당없음,모닝 어반 (JA),2021년식
38448322,68고1254,2018/10/12,-,가솔린,"33,162km",양호,양호,없음,없음,없음,일산화탄소: 0.01% / 탄화수소: 1ppm,해당없음,티볼리 에어,2019년식
38617846,56더9193,2013/11/13,-,디젤,"182,021km",양호,양호,없음,없음,없음,매연: 3%,해당없음,렉스턴 W,2014년식
38545133,12오0339,2016/08/30,오토,가솔린,"90,640km",양호,양호,없음,없음,없음,일산화탄소: 0% / 탄화수소: 11ppm,해당없음,SM6,2016년식
38499569,149소6744,2019/09/27,오토,가솔린,"20,362km",양호,양호,없음,없음,없음,일산화탄소: 0% / 탄화수소: 0ppm,해당없음,베리 뉴 티볼리,2020년식
38358205,111보9420,2020/07/27,오토,가솔린,"45,147km",양호,양호,없음,없음,없음,일산화탄소: 0.02% / 탄화수소: 2ppm,해당 / 이행,더 뉴 QM6,2020년식
38631792,01가2797,2018/08/31,오토,가솔린,"75,409km",양호,양호,없음,없음,없음,일산화탄소: 0% / 탄화수소: 0ppm,해당없음,SM6,2019년식
38553986,177라7024,2021/02/25,-,LPG(일반인 구입),"66,420km",양호,양호,없음,없음,있음 / 렌트,일산화탄소: 0.00% / 탄화수소: 1ppm,해당 / 이행,아반떼 (CN7),2021년식
38511584,40오0467,2016/04/15,-,디젤,"131,139km",양호,양호,없음,없음,없음,매연: -%,해당없음,티볼리 에어,2016년식
38415204,05너4490,2017/06/07,-,디젤,"230,000km",양호,양호,없음,없음,없음,매연: 0%,해당없음,코란도 투리스모,2017년식
36879905,126더9089,2019/09/18,-,디젤,"163,729km",양호,양호,없음,없음,없음,매연: 3%,해당없음,더 뉴 카니발,2019년식
38077440,38보7367,2014/12/19,-,가솔린,"79,685km",양호,양호,없음,없음,없음,일산화탄소: 0% / 탄화수소: 55ppm,해당없음,스파크,2014년식
38181659,79수3124,2015/08/12,-,디젤,"165,234km",양호,양호,없음,없음,없음,매연: 4%,해당없음,코란도 투리스모,2015년식
38577707,161보2887,2019/05/28,오토,가솔린,"70,482km",양호,양호,없음,없음,있음 / 렌트,일산화탄소: 0% / 탄화수소: 0ppm,해당없음,QM6,2019년식
38347392,65구1050,2017/09/22,오토,가솔린,"42,706km",양호,양호,없음,없음,없음,일산화탄소: -% / 탄화수소: 1ppm,해당없음,티볼리 에어,2018년식
37435099,199로4326,2022/11/18,수동,가솔린,"29,807km",양호,양호,없음,없음,없음,일산화탄소: 0% / 탄화수소: 0ppm,해당없음,아반떼 (CN7),2023년식
38544940,162루2620,2021/06/21,-,가솔린,"71,568km",양호,양호,없음,없음,없음,일산화탄소: -% / 탄화수소: -ppm,해당없음,G80 (RG3),2021년식
38587260,15마9191,2014/08/27,오토,디젤,"184,569km",양호,양호,없음,없음,없음,매연: 5%,해당 / 이행,올란도,2015년식
38611850,391구8607,2020/01/30,오토,가솔린,"132,144km",양호,양호,없음,없음,있음 / 렌트,일산화탄소: 0.11% / 탄화수소: 22ppm,해당 / 이행,G80,2020년식
38130620,21나1062,2018/08/31,오토,가솔린,"175,165km",양호,양호,없음,없음,없음,일산화탄소: 0% / 탄화수소: 0ppm,해당없음,티볼리 아머,2018년식
38538368,24버8257,2017/09/25,-,가솔린,"135,376km",양호,양호,없음,없음,없음,일산화탄소: 0.02% / 탄화수소: 3ppm,해당없음,올 뉴 말리부,2017년식
38581181,327다1698,2018/04/25,오토,가솔린,"127,006km",양호,양호,없음,없음,있음 / 렌트,일산화탄소: 0.06% / 탄화수소: 7ppm,해당없음,EQ900,2018년식
37553450,307조3478,2021/06/09,-,가솔린,"49,816km",양호,양호,없음,없음,없음,일산화탄소: 0.1% / 탄화수소: 1ppm,해당 / 이행,G80 (RG3),2021년식
38394535,226조8598,2023/05/30,오토,LPG(일반인 구입),"39,815km",양호,양호,없음,없음,없음,일산화탄소: 0.2% / 탄화수소: 20ppm,해당없음,더 뉴 QM6,2024년식
38620660,12노4848,2013/04/30,오토,가솔린,"201,328km",양호,양호,없음,없음,없음,일산화탄소: 0.01% / 탄화수소: 3ppm,해당 / 이행,뉴SM5 플래티넘,2013년식
37820115,391어9562,2018/06/22,오토,디젤,"37,618km",양호,양호,없음,없음,없음,매연: 2%,해당없음,QM6,2018년식
38352522,322버9366,2016/11/11,오토,가솔린,"92,959km",양호,양호,없음,없음,있음 / 렌트,일산화탄소: 0.13% / 탄화수소: 26ppm,해당없음,G80,2017년식
38620081,37소0689,2016/03/16,-,가솔린,"346,775km",양호,양호,없음,없음,없음,일산화탄소: 0.20% / 탄화수소: 44ppm,해당없음,EQ900,2016년식
38603509,09러2980,2018/05/23,오토,가솔린,"265,586km",양호,양호,없음,없음,없음,일산화탄소: 0.5% / 탄화수소: 29ppm,해당없음,더 K9,2019년식
38603717,45루0953,2015/10/16,오토,LPG(일반인 구입),"90,308km",양호,양호,없음,없음,없음,일산화탄소: 0.01% / 탄화수소: 7ppm,해당없음,올란도,2016년식
37776260,53도4693,2016/12/26,오토,가솔린,"95,128km",양호,양호,없음,없음,없음,일산화탄소: 0.23% / 탄화수소: 30ppm,해당없음,티볼리,2017년식
37386923,301모5550,2019/10/24,-,가솔린,"36,113km",양호,양호,없음,없음,없음,일산화탄소: 0.04% / 탄화수소: 5ppm,해당없음,더 뉴 QM6,2020년식
38272127,27가0219,2016/10/26,오토,디젤,"99,848km",양호,양호,없음,없음,없음,매연: 2.6%,해당없음,올 뉴 카니발,2017년식
38423584,828노7557,2023/03/10,-,디젤,"12,256km",양호,양호,없음,없음,없음,매연: 0%,해당없음,더 뉴 렉스턴 스포츠 칸,2023년식
38434233,157호6568,2022/04/19,오토,가솔린,"25,715km",양호,양호,없음,없음,있음 / 렌트,일산화탄소: 0% / 탄화수소: 0ppm,해당없음,캐스퍼,2023년식
38254556,60머0385,2015/12/11,-,LPG(일반인 구입),"181,813km",양호,양호,없음,없음,없음,일산화탄소: -% / 탄화수소: -ppm,해당없음,SM7 노바,2016년식
38115125,373고7148,2016/03/09,-,LPG(일반인 구입),"169,918km",양호,양호,없음,없음,없음,일산화탄소: 0.16% / 탄화수소: 19ppm,해당없음,SM6,2016년식
38600851,14오0414,2016/09/26,오토,가솔린,"95,574km",양호,양호,없음,없음,없음,일산화탄소: 0.17% / 탄화수소: 20ppm,해당없음,티볼리 에어,2017년식
37878587,134두8822,2020/06/19,-,가솔린,"42,627km",양호,양호,없음,없음,없음,일산화탄소: 0% / 탄화수소: 0ppm,해당없음,XM3,2020년식
38638548,269서4326,2020/12/31,오토,디젤,"68,290km",양호,양호,없음,없음,있음 / 렌트,매연: 3%,해당 / 미이행,베리 뉴 티볼리,2021년식
38475949,11도6167,2015/05/20,-,가솔린,"113,709km",양호,양호,없음,없음,없음,일산화탄소: -% / 탄화수소: -ppm,해당없음,스파크,2015년식
37935979,821서2741,2022/01/25,-,디젤,"24,005km",양호,양호,있음 / 적법,없음,없음,매연: 0%,해당없음,더 뉴 렉스턴 스포츠 칸,2022년식
37664098,15우0726,2016/07/28,오토,가솔린,"62,329km",양호,양호,없음,없음,없음,일산화탄소: 0.03% / 탄화수소: 4ppm,해당 / 이행,더 넥스트 스파크,2017년식
37324962,13구4890,2017/01/13,오토,디젤,"113,336km",양호,양호,없음,없음,없음,매연: 2.3%,해당없음,QM6,2017년식
38621448,274라7740,2021/03/22,-,가솔린,"22,851km",양호,양호,없음,없음,없음,일산화탄소: 0% / 탄화수소: 0ppm,해당없음,투싼 (NX4),2021년식
37419132,23누9293,2017/06/13,-,가솔린,"102,527km",양호,양호,없음,없음,없음,일산화탄소: 0.2% / 탄화수소: 3ppm,해당없음,더 뉴 K3,2017년식
38537997,337서8277,2019/10/28,오토,가솔린,"47,026km",양호,양호,없음,없음,없음,일산화탄소: 0.02% / 탄화수소: 1ppm,해당없음,더 뉴 스파크,2020년식
38427557,35더0107,2015/12/09,오토,디젤,"150,250km",양호,양호,없음,없음,없음,매연: 3%,해당 / 미이행,뉴코란도 C,2016년식
38089500,26저3455,2014/07/24,-,디젤,"137,341km",양호,양호,없음,없음,없음,매연: 0%,해당없음,뉴코란도 C,2015년식
38555931,321루1750,2023/09/26,-,가솔린+전기,663km,양호,양호,없음,없음,없음,일산화탄소: 0.1% / 탄화수소: 0.01ppm,해당없음,더 뉴 아반떼 하이브리드 (CN7),2024년식
38633866,151모8117,2022/11/18,-,가솔린,"22,906km",양호,양호,없음,없음,없음,일산화탄소: -% / 탄화수소: -ppm,해당없음,GV70,2023년식
38532188,271누5832,2021/06/28,오토,가솔린+전기,"97,608km",양호,양호,없음,없음,있음 / 렌트,일산화탄소: 0.02% / 탄화수소: 3ppm,해당없음,K8 하이브리드,2022년식
37780149,29조2860,2018/11/09,-,가솔린,"109,920km",양호,양호,없음,없음,없음,일산화탄소: -% / 탄화수소: -ppm,해당없음,SM6,2019년식
38290323,391너3551,2018/04/13,오토,가솔린,"112,859km",양호,양호,없음,없음,있음 / 렌트,일산화탄소: 0.01% / 탄화수소: 1ppm,해당없음,SM6,2019년식
38120123,250도5563,2023/08/24,오토,가솔린+전기,"16,976km",양호,양호,없음,없음,없음,일산화탄소: 0% / 탄화수소: 0ppm,해당없음,코나 하이브리드 (SX2),2023년식
38311927,285서8281,2020/07/09,-,가솔린,"47,521km",양호,양호,없음,없음,없음,일산화탄소: 0.02% / 탄화수소: 4ppm,해당 / 이행,G80 (RG3),2021년식
37270648,03누9473,2019/04/10,-,가솔린,"82,503km",양호,양호,없음,없음,없음,일산화탄소: 0% / 탄화수소: 28ppm,해당 / 이행,G80,2019년식
38406063,84주1869,2017/01/04,-,디젤,"38,401km",양호,양호,있음 / 구조,없음,없음,매연: 2%,해당없음,더 뉴 코란도 스포츠,2017년식
38567785,328모7908,2021/08/17,오토,가솔린,"57,778km",양호,양호,없음,없음,없음,일산화탄소: 0.1% / 탄화수소: 10ppm,해당없음,G80 (RG3),2022년식
38401763,46거6328,2014/04/23,오토,가솔린,"88,093km",양호,양호,없음,없음,있음 / 렌트,일산화탄소: 0% / 탄화수소: 0ppm,해당없음,올 뉴 모닝,2015년식
38101333,83로3701,2015/04/01,오토,디젤,"49,981km",양호,양호,있음 / 적법,없음,없음,매연: 9%,해당없음,코란도 스포츠,2015년식
38582265,15무2607,2010/06/01,-,디젤,"251,394km",양호,양호,없음,없음,없음,매연: 5%,해당없음,싼타페 CM,2010년식
38639035,359우6984,2020/10/21,-,디젤,"95,582km",양호,상이,없음,없음,있음 / 렌트,매연: 2%,해당 / 이행,쏘렌토 4세대,2021년식
37886627,48누9496,2014/11/20,-,디젤,"69,010km",양호,양호,없음,없음,없음,매연: 0%,해당없음,QM3,2015년식
38490645,89노1579,2017/07/28,오토,디젤,"87,157km",양호,양호,없음,없음,없음,매연: 3%,해당없음,더 뉴 코란도 스포츠,2018년식
38613716,152수9706,2019/10/11,오토,가솔린,"27,681km",양호,양호,없음,없음,있음 / 렌트,일산화탄소: 0.2% / 탄화수소: 2ppm,해당없음,올 뉴 K3,2020년식
38603579,08러3164,2019/08/22,오토,디젤,"57,852km",양호,양호,없음,없음,없음,매연: 1.4%,해당없음,베리 뉴 티볼리,2020년식
38504985,39모0445,2016/11/03,오토,가솔린,"64,048km",양호,양호,없음,없음,없음,일산화탄소: 0.1% / 탄화수소: 30ppm,해당 / 이행,SM6,2016년식
38632502,356노9176,2021/01/04,오토,가솔린,"19,158km",양호,양호,없음,없음,없음,일산화탄소: 0.2% / 탄화수소: 22ppm,해당없음,더 뉴 스파크,2021년식
38419744,31주2084,2014/10/14,-,디젤,"151,866km",양호,양호,없음,없음,없음,매연: 0%,해당없음,뉴코란도 C,2015년식
38117631,58다9339,2017/10/31,-,디젤,"98,293km",양호,양호,없음,없음,없음,매연: 3%,해당 / 이행,QM6,2017년식
37675344,68무2704,2014/06/10,오토,LPG(일반인 구입),"123,595km",양호,양호,없음,없음,없음,일산화탄소: 0.11% / 탄화수소: 22ppm,해당,올란도,2014년식
38331278,119도9770,2020/11/27,-,가솔린,"86,047km",양호,양호,없음,없음,없음,일산화탄소: 0% / 탄화수소: 3ppm,해당 / 이행,아반떼 (CN7),2021년식
38528722,266소6535,2021/12/17,-,가솔린,"47,753km",양호,양호,있음 / 적법,없음,없음,일산화탄소: 0.07% / 탄화수소: 15ppm,해당없음,더 뉴 코나,2021년식
38378074,14도0514,2016/07/29,오토,가솔린,"104,011km",양호,양호,없음,없음,없음,일산화탄소: 0.01% / 탄화수소: 1ppm,해당없음,SM6,2016년식
38417533,43마8354,2018/05/28,오토,가솔린,"51,316km",양호,양호,없음,없음,없음,일산화탄소: 0.05% / 탄화수소: 2.2ppm,해당없음,올 뉴 K7,2018년식
38439384,34머0247,2017/01/02,오토,디젤,"48,369km",양호,양호,없음,없음,없음,매연: 0%,해당없음,K5 2세대,2017년식
38213442,167허5893,2022/04/22,-,가솔린,"37,808km",양호,양호,없음,없음,있음 / 렌트,일산화탄소: 0.3% / 탄화수소: 5ppm,해당없음,더 뉴 QM6,2022년식
38617537,65로4318,2016/03/04,오토,가솔린,"119,183km",양호,양호,없음,없음,없음,일산화탄소: 0.40% / 탄화수소: 39ppm,해당없음,티볼리,2016년식
38097364,220호1891,2023/03/17,오토,가솔린,"26,793km",양호,양호,없음,없음,있음 / 렌트,일산화탄소: 0.01% / 탄화수소: 1ppm,해당 / 미이행,더 뉴 팰리세이드,2023년식
38288001,255서6676,2020/12/03,-,디젤,"35,829km",양호,양호,없음,없음,없음,매연: -%,해당없음,올 뉴 렉스턴,2021년식
38463389,333노3467,2022/01/05,-,가솔린,"28,965km",양호,양호,없음,없음,없음,일산화탄소: 0.03% / 탄화수소: 1ppm,해당없음,GV80,2022년식
37519839,61저0523,2016/02/22,-,가솔린,"38,287km",양호,양호,없음,없음,없음,일산화탄소: 0% / 탄화수소: 11ppm,해당 / 이행,더 넥스트 스파크,2016년식
38313446,178루2693,2020/07/13,-,디젤,"23,931km",양호,양호,없음,없음,없음,매연: 0%,해당 / 이행,더 뉴 싼타페,2021년식
38353958,278수5683,2022/06/02,오토,가솔린,"20,531km",양호,양호,없음,없음,없음,일산화탄소: 0.30% / 탄화수소: 32ppm,해당없음,XM3,2023년식
38526079,294구4617,2019/12/20,오토,가솔린,"81,910km",양호,양호,없음,없음,없음,일산화탄소: 0.01% / 탄화수소: 4ppm,해당없음,뷰티풀 코란도,2020년식
37966137,111러4635,2020/06/09,-,가솔린,"67,594km",양호,양호,없음,없음,없음,일산화탄소: 0.01% / 탄화수소: 2ppm,해당 / 이행,G80 (RG3),2021년식
38487199,52더0684,2016/07/21,오토,가솔린,"120,266km",양호,양호,없음,없음,없음,일산화탄소: 0.3% / 탄화수소: 1ppm,해당없음,더 넥스트 스파크,2017년식
37634618,377수2370,2022/03/21,-,가솔린,"27,986km",양호,양호,없음,없음,없음,일산화탄소: 0.01% / 탄화수소: 1.2ppm,해당없음,GV80,2022년식
38358310,34마6239,2017/10/20,-,가솔린,"53,254km",양호,양호,없음,없음,없음,일산화탄소: 0.10% / 탄화수소: 1ppm,해당 / 이행,QM6,2018년식
38153584,190소7551,2022/07/11,-,가솔린,"94,625km",양호,양호,없음,없음,없음,일산화탄소: 0% / 탄화수소: 0ppm,해당없음,G90 (RS4),2022년식
38599073,239수5826,2023/12/06,-,가솔린,"15,911km",양호,양호,없음,없음,없음,일산화탄소: 0.03% / 탄화수소: 5ppm,해당없음,더 뉴 티볼리,2024년식
37639592,129나3742,2022/11/30,오토,가솔린,"15,983km",양호,양호,없음,없음,없음,일산화탄소: 0.0% / 탄화수소: 0.0ppm,해당없음,XM3,2023년식
38265756,303무7083,2019/11/26,오토,가솔린,"116,095km",양호,양호,없음,없음,없음,일산화탄소: 0.05% / 탄화수소: 2ppm,해당없음,G90,2019년식
38621385,237러1385,2020/04/17,-,가솔린,"22,411km",양호,양호,없음,없음,없음,일산화탄소: 0% / 탄화수소: 0ppm,해당없음,더 뉴 트랙스,2020년식
38549406,15서0950,2019/12/20,오토,전기,"129,324km",양호,양호,없음,없음,있음 / 렌트,일산화탄소: -% / 탄화수소: -ppm,해당 / 미이행,볼트 EV,2019년식
38614485,82고7355,2013/05/22,오토,디젤,"104,543km",양호,양호,없음,없음,없음,매연: 1%,해당없음,코란도 스포츠,2014년식
36921019,40보6217,2015/05/22,-,가솔린,"20,158km",양호,양호,없음,없음,없음,일산화탄소: 0.2% / 탄화수소: 11ppm,해당없음,더 뉴 i40 살룬,2016년식
38603679,305구2144,2019/09/23,-,디젤,"197,342km",양호,양호,없음,없음,없음,매연: 3%,해당없음,더 뉴 카니발,2019년식
38273443,285두2931,2021/08/12,-,가솔린,"42,990km",양호,양호,없음,없음,없음,일산화탄소: -% / 탄화수소: -ppm,해당없음,더 뉴 스파크,2022년식
38519210,41저7803,2016/12/05,오토,가솔린,"90,417km",양호,양호,없음,없음,없음,일산화탄소: -% / 탄화수소: -ppm,해당 / 이행,SM6,2016년식
37204736,233루3509,2017/12/13,-,가솔린,"103,875km",양호,양호,없음,없음,있음 / 렌트,일산화탄소: 0.05% / 탄화수소: 5ppm,해당 / 이행,G70,2018년식
38470033,36거8750,2019/04/12,오토,LPG(일반인 구입),"96,481km",양호,양호,없음,없음,없음,일산화탄소: 0% / 탄화수소: 0ppm,해당없음,SM6,2019년식
37886296,26마0500,2015/11/06,-,디젤,"116,418km",양호,양호,없음,없음,없음,매연: 5%,해당없음,QM5 네오,2015년식
38596417,38고0929,2016/01/04,오토,가솔린,"62,308km",양호,양호,없음,없음,없음,일산화탄소: 0.2% / 탄화수소: 10ppm,해당없음,SM7 노바,2016년식
38513564,01러6784,2018/09/14,-,가솔린+전기,"96,416km",양호,양호,없음,없음,없음,일산화탄소: 0.08% / 탄화수소: 15ppm,해당없음,그랜저 IG 하이브리드,2019년식
36281787,05나9529,2018/03/26,오토,가솔린,"45,165km",양호,양호,없음,없음,없음,일산화탄소: 0% / 탄화수소: 0ppm,해당없음,G70,2018년식
38405420,60노0353,2016/02/18,-,가솔린,"67,966km",양호,양호,없음,없음,없음,일산화탄소: 0.01% / 탄화수소: 3ppm,해당없음,더 넥스트 스파크,2016년식
38266332,55보1318,2010/06/14,오토,가솔린,"118,437km",양호,양호,없음,없음,없음,일산화탄소: 0.00% / 탄화수소: 11ppm,해당없음,마티즈 크리에이티브,2010년식
38373826,141버2125,2023/05/19,오토,가솔린,"41,847km",양호,양호,없음,없음,없음,일산화탄소: 0% / 탄화수소: 0ppm,해당없음,더 뉴 팰리세이드,2023년식
38408749,261소5764,2023/04/14,-,가솔린,"31,765km",양호,양호,없음,없음,없음,일산화탄소: 0% / 탄화수소: 0ppm,해당없음,K8,2023년식
38321884,397조4242,2022/07/01,오토,가솔린,"70,099km",양호,양호,없음,없음,없음,일산화탄소: 0% / 탄화수소: 15ppm,해당없음,뷰티풀 코란도,2022년식
38421612,02두3646,2018/06/05,-,가솔린,"99,893km",양호,양호,없음,없음,없음,일산화탄소: 0.05% / 탄화수소: 10ppm,해당없음,더 뉴 트랙스,2018년식
38332175,385오7896,2022/04/25,-,가솔린+전기,"63,060km",양호,양호,없음,없음,없음,일산화탄소: 0.10% / 탄화수소: 1ppm,해당없음,K8 하이브리드,2022년식
38612175,194수8291,2018/06/01,-,가솔린,"56,452km",양호,양호,없음,없음,없음,일산화탄소: 0% / 탄화수소: 0ppm,해당없음,G70,2018년식
38622828,311모3804,2021/07/14,-,LPG(일반인 구입),"42,987km",양호,양호,없음,없음,없음,일산화탄소: 0.02% / 탄화수소: 2ppm,해당없음,더 뉴 QM6,2021년식
38566823,256조5117,2022/10/31,-,디젤,"44,805km",양호,양호,없음,없음,없음,매연: 2%,해당 / 이행,더 뉴 팰리세이드,2023년식
38631361,07더1617,2017/08/21,-,가솔린,"53,807km",양호,양호,없음,없음,없음,일산화탄소: 0.02% / 탄화수소: 11ppm,해당없음,올 뉴 말리부,2017년식
38466547,81수1882,2018/12/12,오토,디젤,"66,257km",양호,양호,없음,없음,없음,매연: 3%,해당없음,렉스턴 스포츠,2019년식
38636237,104모7969,2022/08/05,-,가솔린,"22,321km",양호,양호,없음,없음,없음,일산화탄소: 0.01% / 탄화수소: 1ppm,해당 / 이행,토레스,2023년식
38494416,39모0445,2016/11/03,오토,가솔린,"64,048km",양호,양호,없음,없음,없음,일산화탄소: 0.1% / 탄화수소: 30ppm,해당 / 이행,SM6,2016년식
38457787,56너3796,2018/11/01,오토,디젤,"79,577km",양호,양호,없음,없음,없음,매연: 0%,해당 / 미이행,G4 렉스턴,2019년식
38603913,174두3848,2023/02/09,-,가솔린,"58,082km",양호,양호,없음,없음,없음,일산화탄소: 0.12% / 탄화수소: 2ppm,해당 / 이행,GV80,2023년식
38425095,48오4841,2017/01/05,오토,디젤,"45,258km",양호,양호,없음,없음,없음,매연: 5%,해당 / 미이행,올 뉴 투싼,2017년식
38620766,230루4225,2018/10/19,오토,가솔린,"102,368km",양호,양호,없음,없음,없음,일산화탄소: -% / 탄화수소: -ppm,해당없음,더 뉴 트랙스,2019년식
38525918,291라1239,2020/01/29,-,가솔린,"32,669km",양호,양호,없음,없음,없음,일산화탄소: 0% / 탄화수소: 0ppm,해당없음,트래버스,2020년식
38570906,93가6719,2021/06/23,-,디젤,"42,598km",양호,양호,없음,없음,없음,매연: 0%,해당없음,더 뉴 렉스턴 스포츠,2021년식
38615273,270저3579,2020/11/01,오토,디젤,"34,144km",양호,양호,없음,없음,없음,매연: 0%,해당없음,베리 뉴 티볼리,2021년식
38333802,21저0737,2016/07/15,-,가솔린,"77,026km",양호,양호,없음,없음,없음,일산화탄소: 0.18% / 탄화수소: 16ppm,해당 / 이행,SM6,2016년식
38383392,289마4071,2018/01/12,오토,가솔린,"96,495km",양호,양호,없음,없음,없음,일산화탄소: 0.09% / 탄화수소: 15ppm,해당없음,EQ900,2018년식
38504311,156나2281,2022/08/11,-,가솔린,"7,415km",양호,양호,없음,없음,없음,일산화탄소: 0.0% / 탄화수소: 1.0ppm,해당없음,토레스,2023년식
38626422,56다2664,2017/06/09,-,디젤,"138,049km",양호,양호,없음,없음,없음,매연: 7%,해당 / 미이행,올 뉴 카니발,2018년식
38065024,154도8144,2018/04/26,오토,가솔린,"107,183km",양호,양호,없음,없음,있음 / 렌트,일산화탄소: 0% / 탄화수소: 0ppm,해당없음,그랜저 IG,2018년식
38038930,255노5118,2023/06/22,오토,가솔린,584km,양호,양호,없음,없음,없음,일산화탄소: 0% / 탄화수소: 0ppm,해당없음,더 뉴 G70,2024년식
37801163,67수8915,2014/12/23,오토,가솔린,"67,710km",양호,양호,없음,없음,있음 / 렌트,일산화탄소: 0.20% / 탄화수소: 4ppm,해당없음,K3,2015년식
38597714,91거0763,2020/12/09,오토,가솔린,"95,168km",양호,양호,없음,없음,없음,일산화탄소: 0.04% / 탄화수소: 6ppm,해당없음,리얼 뉴 콜로라도,2021년식
38204152,347어1419,2019/11/06,-,가솔린,"79,540km",양호,양호,없음,없음,없음,일산화탄소: 0.11% / 탄화수소: 12ppm,해당없음,뷰티풀 코란도,2020년식
38488699,61로1885,2018/09/11,오토,가솔린,"57,736km",양호,양호,없음,없음,없음,일산화탄소: 0.02% / 탄화수소: 2ppm,해당없음,G80,2018년식
38605568,367버8516,2020/02/13,-,가솔린,"36,767km",양호,양호,없음,없음,없음,일산화탄소: -% / 탄화수소: -ppm,해당없음,더 뉴 그랜저 IG,2020년식
38591523,47주4819,2018/09/14,오토,디젤,"33,371km",양호,양호,없음,없음,없음,매연: 2.7%,해당없음,티볼리 에어,2019년식
38441089,64라1844,2018/03/09,오토,가솔린,"57,807km",양호,양호,없음,없음,없음,일산화탄소: 0% / 탄화수소: 0ppm,해당없음,G70,2018년식
38292624,269루6641,2018/08/06,-,가솔린+전기,"64,181km",양호,양호,없음,없음,없음,일산화탄소: 0.1% / 탄화수소: 30ppm,해당없음,니로,2018년식
37989298,195너8571,2020/04/29,-,가솔린,"33,682km",양호,양호,없음,없음,있음 / 렌트,일산화탄소: 0.01% / 탄화수소: 0.3ppm,해당,더 뉴 QM6,2020년식
38326312,51가7806,2018/08/28,오토,가솔린,"38,878km",양호,양호,없음,없음,없음,일산화탄소: 0.01% / 탄화수소: 1ppm,해당 / 이행,더 뉴 레이,2018년식
37990964,55보5360,2016/12/16,오토,가솔린,"83,254km",양호,양호,없음,없음,없음,일산화탄소: 0.03% / 탄화수소: 1ppm,해당없음,더 넥스트 스파크,2017년식
37770447,133오2360,2015/07/14,-,가솔린,"185,442km",양호,양호,없음,없음,없음,일산화탄소: 0.7% / 탄화수소: 22ppm,해당없음,티볼리,2016년식
38123733,323러1990,2020/08/27,오토,가솔린,"54,816km",양호,양호,없음,없음,있음 / 렌트,일산화탄소: 0.02% / 탄화수소: 3ppm,해당 / 이행,XM3,2020년식
38547973,31주0186,2016/09/29,오토,가솔린,"106,364km",양호,양호,없음,없음,없음,일산화탄소: 0% / 탄화수소: 10ppm,해당없음,SM6,2016년식
36917636,41보7359,2017/04/04,오토,디젤,"105,000km",양호,양호,없음,없음,없음,매연: 0%,해당없음,올 뉴 카니발,2017년식
38156772,145모2488,2020/06/11,-,가솔린,"125,044km",양호,양호,없음,없음,없음,일산화탄소: 13% / 탄화수소: 11ppm,해당없음,G90,2020년식
38601719,117우5543,2022/10/12,-,가솔린,"35,265km",양호,양호,없음,없음,없음,일산화탄소: 0.03% / 탄화수소: 1ppm,해당없음,더 뉴 G70,2023년식
38613826,87마1610,2017/07/18,오토,디젤,"56,343km",양호,양호,있음 / 구조,없음,없음,매연: 3%,해당없음,더 뉴 코란도 스포츠,2018년식
38477724,222거5728,2024/03/04,-,가솔린+전기,"5,503km",양호,양호,없음,없음,없음,일산화탄소: -% / 탄화수소: -ppm,해당없음,더 뉴 카니발 4세대,2024년식
38010870,326머4827,2020/01/18,오토,가솔린,"42,965km",양호,양호,없음,없음,없음,일산화탄소: 0% / 탄화수소: 0ppm,해당없음,더 뉴 스파크,2020년식
38203890,148더9780,2019/09/04,오토,디젤,"128,073km",양호,양호,없음,없음,있음 / 렌트,매연: 3%,해당없음,뉴QM3,2019년식
38540007,394라2035,2018/12/12,오토,가솔린,"31,000km",양호,양호,없음,없음,있음 / 렌트,일산화탄소: 1% / 탄화수소: 1ppm,해당없음,더 뉴 스파크,2019년식
38539053,82우4871,2019/03/05,-,디젤,"150,007km",양호,양호,없음,없음,없음,매연: 2%,해당없음,더 뉴 그랜드 스타렉스,2019년식
38118649,182라5524,2022/08/25,오토,가솔린+전기,"23,744km",양호,양호,없음,없음,없음,일산화탄소: -% / 탄화수소: -ppm,해당없음,투싼 하이브리드 (NX4),2023년식
37840774,26라0581,2016/07/21,오토,가솔린,"120,857km",양호,양호,없음,없음,없음,일산화탄소: 0.04% / 탄화수소: 6ppm,해당없음,티볼리 에어,2016년식
38570577,165마3347,2022/05/18,-,가솔린,"36,574km",양호,양호,없음,없음,없음,일산화탄소: 1% / 탄화수소: 1ppm,해당 / 이행,G80 (RG3),2022년식
38564627,18더5803,2015/07/27,-,가솔린,"79,736km",양호,양호,없음,없음,없음,일산화탄소: 0.00% / 탄화수소: 10ppm,해당없음,카마로,2015년식
38597616,92소0373,2022/12/01,오토,가솔린,"21,277km",양호,양호,없음,없음,없음,일산화탄소: .% / 탄화수소: .ppm,해당없음,리얼 뉴 콜로라도,2022년식
38454141,371버2899,2020/05/25,-,가솔린,"79,940km",양호,양호,없음,없음,없음,일산화탄소: -% / 탄화수소: 2ppm,해당 / 이행,GV80,2020년식
38596396,47소0178,2016/11/17,오토,가솔린,"27,858km",양호,양호,없음,없음,없음,일산화탄소: 0.03% / 탄화수소: 5ppm,해당 / 이행,SM6,2016년식
38513095,260버3661,2016/10/19,-,LPG(일반인 구입),"144,963km",양호,양호,없음,없음,있음 / 렌트,일산화탄소: 0.1% / 탄화수소: 3ppm,해당없음,SM6,2016년식
38466583,260무4699,2017/04/17,-,디젤,"77,216km",양호,양호,없음,없음,있음 / 렌트,매연: 5%,해당 / 이행,스포티지 4세대,2017년식
37875684,380무4605,2022/04/08,오토,가솔린,"25,278km",양호,양호,없음,없음,없음,일산화탄소: 1% / 탄화수소: 1ppm,해당없음,뷰티풀 코란도,2022년식
38010169,227부8305,2020/06/26,-,가솔린+전기,"47,316km",양호,양호,없음,없음,없음,일산화탄소: 0% / 탄화수소: 0ppm,해당 / 미이행,더 뉴 니로,2020년식
37435211,179어3985,2022/05/11,오토,가솔린,"적음 / 17,870km",양호,양호,없음,없음,없음,일산화탄소: 0.5% / 탄화수소: 50ppm,해당없음,G80 (RG3),2022년식
38374956,81도0833,2020/03/24,오토,디젤,"68,712km",양호,양호,없음,없음,없음,매연: 2%,해당없음,더 뉴 그랜드 스타렉스,2020년식
38420790,17더2167,2017/09/25,-,가솔린,"72,278km",양호,양호,없음,없음,없음,일산화탄소: .02% / 탄화수소: 2ppm,해당없음,올 뉴 말리부,2017년식
38208752,364러6022,2020/08/31,-,가솔린,"21,254km",양호,양호,없음,없음,없음,일산화탄소: 0% / 탄화수소: 0ppm,해당 / 이행,GV80,2020년식
38541697,45서8256,2012/08/01,오토,가솔린,"144,126km",양호,양호,없음,없음,없음,일산화탄소: 0.07% / 탄화수소: 5ppm,해당 / 이행,뉴SM5(신형),2012년식
38403060,196오7145,2020/09/29,오토,가솔린,"45,307km",양호,양호,없음,없음,없음,일산화탄소: 0.03% / 탄화수소: 3ppm,해당없음,더 뉴 레이,2021년식
38534793,41무7334,2015/09/17,-,디젤,"81,600km",양호,양호,없음,없음,없음,매연: 5%,해당없음,티볼리,2016년식
38305662,146너9388,2020/10/07,-,가솔린,"51,547km",양호,양호,없음,없음,없음,일산화탄소: 0.03% / 탄화수소: 1ppm,해당,더 뉴 스파크,2021년식
38530546,211러9438,2021/04/29,-,가솔린,"104,348km",양호,양호,없음,없음,없음,일산화탄소: 0% / 탄화수소: 0ppm,해당없음,K8,2022년식
38192772,224무1568,2022/10/24,-,가솔린,"48,508km",양호,양호,없음,없음,없음,일산화탄소: -% / 탄화수소: -ppm,해당없음,더 뉴 스파크,2022년식
38538179,340머2366,2022/07/11,-,가솔린,"49,813km",양호,양호,없음,없음,있음 / 렌트,일산화탄소: 0.02% / 탄화수소: 3ppm,해당 / 미이행,더 뉴 G70 슈팅브레이크,2023년식
38330578,14버7068,2008/02/20,-,가솔린,"70,192km",양호,양호,없음,없음,없음,일산화탄소: 0.3% / 탄화수소: 1ppm,해당없음,All New 마티즈,2008년식
38409409,60노0353,2016/02/18,-,가솔린,"67,966km",양호,양호,없음,없음,없음,일산화탄소: 0.01% / 탄화수소: 3ppm,해당없음,더 넥스트 스파크,2016년식
38349801,175너5254,2022/09/08,오토,디젤,"20,040km",양호,양호,없음,없음,없음,매연: 0%,해당 / 이행,카니발 4세대,2023년식
38243572,397어7906,2016/10/21,-,가솔린,"105,381km",양호,양호,있음 / 적법,없음,없음,일산화탄소: 0.3% / 탄화수소: 18ppm,해당 / 이행,SM6,2016년식
38591608,47소0178,2016/11/17,오토,가솔린,"27,858km",양호,양호,없음,없음,없음,일산화탄소: 0.03% / 탄화수소: 5ppm,해당 / 이행,SM6,2016년식
37815528,292저1107,2019/12/31,-,가솔린+전기,"121,111km",양호,양호,없음,없음,없음,일산화탄소: 0.08% / 탄화수소: 13ppm,해당없음,K7 프리미어 하이브리드,2020년식
38532917,141거4037,2020/09/28,-,가솔린,"17,548km",양호,양호,없음,없음,없음,일산화탄소: -% / 탄화수소: 2ppm,해당없음,더 뉴 그랜저 IG,2020년식
37333078,30수6867,2012/06/01,오토,가솔린,"131,675km",양호,양호,없음,없음,없음,일산화탄소: -% / 탄화수소: -ppm,해당없음,스파크,2012년식
37674971,28어3621,2013/08/26,오토,가솔린,"131,929km",양호,양호,없음,없음,없음,일산화탄소: 0.03% / 탄화수소: 6ppm,해당없음,스파크,2014년식
38583191,327다1698,2018/04/25,오토,가솔린,"127,006km",양호,양호,없음,없음,있음 / 렌트,일산화탄소: 0.06% / 탄화수소: 7ppm,해당없음,EQ900,2018년식
38322651,263루2512,2021/08/24,오토,가솔린+전기,"33,814km",양호,양호,없음,없음,없음,일산화탄소: 0.03% / 탄화수소: 2ppm,해당없음,더 뉴 니로,2022년식
38509191,71노5479,2013/04/02,오토,디젤,"175,323km",양호,양호,없음,없음,없음,매연: 1%,해당 / 이행,카니발 R,2013년식
37951233,399거2314,2019/09/27,-,LPG(일반인 구입),"33,693km",양호,양호,없음,없음,있음 / 렌트,일산화탄소: 0.02% / 탄화수소: 3ppm,해당없음,더 뉴 QM6,2020년식
38567508,82너6913,2016/08/30,-,디젤,"74,905km",양호,양호,없음,없음,없음,매연: -%,해당없음,더 뉴 코란도 스포츠,2017년식
38169462,145모2488,2020/06/11,-,가솔린,"125,044km",양호,양호,없음,없음,없음,일산화탄소: 13% / 탄화수소: 11ppm,해당없음,G90,2020년식
37057396,16조7703,1998/05/27,-,가솔린,"76,037km",양호,양호,없음,없음,없음,일산화탄소: 0.04% / 탄화수소: 36ppm,해당없음,다이너스티,1998년식
38356358,53도4131,2017/01/02,-,가솔린,"141,626km",양호,양호,없음,없음,없음,일산화탄소: 0% / 탄화수소: 0ppm,해당없음,올 뉴 말리부,2017년식
37983924,35로3741,2012/11/23,-,가솔린,"121,693km",양호,양호,없음,없음,없음,일산화탄소: -% / 탄화수소: -ppm,해당없음,알페온,2012년식
38596684,164너9448,2020/08/31,오토,디젤,"61,767km",양호,양호,없음,없음,없음,매연: 2%,해당 / 이행,더 뉴 싼타페,2021년식
38434997,193로1908,2022/12/08,-,가솔린,"23,474km",양호,양호,없음,없음,없음,일산화탄소: 0.01% / 탄화수소: 0.01ppm,해당없음,G80 (RG3),2023년식
38357783,231나2843,2019/09/06,오토,가솔린,"86,874km",양호,양호,없음,없음,없음,일산화탄소: 0.02% / 탄화수소: 6ppm,해당없음,그랜저 IG,2019년식
38573151,128로6858,2019/07/10,-,가솔린,"168,191km",양호,양호,없음,없음,있음 / 렌트,일산화탄소: 0.18% / 탄화수소: 21ppm,해당없음,G80,2019년식
38457419,55소4606,2017/05/19,오토,가솔린,"34,657km",양호,양호,없음,없음,없음,일산화탄소: 0.1% / 탄화수소: 15ppm,해당없음,올 뉴 말리부,2017년식
38579766,20조0887,2016/03/28,-,가솔린,"88,229km",양호,양호,없음,없음,없음,일산화탄소: -% / 탄화수소: -ppm,해당없음,임팔라,2016년식
38614933,35주8792,2012/11/27,-,가솔린,"161,544km",양호,양호,없음,없음,없음,일산화탄소: 0.2% / 탄화수소: 2ppm,해당 / 이행,말리부,2013년식
38553701,360러6009,2019/10/16,오토,LPG(일반인 구입),"59,925km",양호,양호,없음,없음,있음 / 렌트,일산화탄소: 0.10% / 탄화수소: 23ppm,해당없음,더 뉴 QM6,2020년식
38373915,248조7520,2020/03/30,-,디젤,"42,000km",양호,양호,없음,없음,없음,매연: 0%,해당없음,GV80,2020년식
38631478,30조2774,2018/03/26,오토,가솔린,"76,493km",양호,양호,없음,없음,없음,일산화탄소: 0.04% / 탄화수소: 4ppm,해당없음,G70,2018년식
38540499,60나9360,2019/04/10,오토,가솔린,"67,430km",양호,양호,없음,없음,없음,일산화탄소: 0.1% / 탄화수소: 32ppm,해당없음,올 뉴 K7,2019년식
38251088,255마2495,2018/11/21,오토,가솔린,"85,625km",양호,양호,없음,없음,있음 / 렌트,일산화탄소: 0.02% / 탄화수소: 3ppm,해당없음,G80,2019년식
38555952,273우6909,2022/12/29,오토,가솔린,"75,483km",양호,양호,없음,없음,없음,일산화탄소: 0.1% / 탄화수소: 12ppm,해당 / 이행,XM3,2023년식
38264194,10로6754,2021/08/23,오토,전기,"24,337km",양호,양호,없음,없음,있음 / 렌트,일산화탄소: -% / 탄화수소: -ppm,해당 / 이행,일렉트리파이드 G80 (RG3),2022년식
37814118,369오2170,2020/12/10,오토,가솔린,"26,575km",양호,양호,없음,없음,없음,일산화탄소: 0.01% / 탄화수소: 1ppm,해당없음,더 뉴 QM6,2021년식
38578934,85저2291,2019/11/21,오토,가솔린,"49,575km",양호,양호,없음,없음,없음,일산화탄소: 0.01% / 탄화수소: 5ppm,해당없음,콜로라도,2020년식
38508121,92러8637,2021/08/05,-,가솔린,"57,897km",양호,양호,있음 / 적법,없음,없음,일산화탄소: 0.5% / 탄화수소: 1ppm,해당없음,리얼 뉴 콜로라도,2021년식
38524058,156거2499,2022/09/26,-,LPG(일반인 구입),"22,135km",양호,양호,없음,없음,없음,일산화탄소: 0.02% / 탄화수소: 5ppm,해당없음,더 뉴 QM6,2023년식
38425413,174어3995,2019/04/12,-,가솔린,"65,427km",양호,양호,없음,없음,있음 / 렌트,일산화탄소: 0.11% / 탄화수소: 12ppm,해당없음,티볼리 아머,2019년식
37203944,12보9042,2011/05/11,오토,가솔린,"132,239km",양호,양호,있음 / 적법 / 구조,없음,없음,일산화탄소: -% / 탄화수소: -ppm,해당 / 이행,뉴SM3,2011년식
38503226,36더2263,2018/05/17,오토,디젤,"64,918km",양호,양호,없음,없음,없음,매연: 6%,해당없음,뉴QM3,2018년식
38367555,306두2148,2020/06/02,-,가솔린,"64,949km",양호,양호,없음,없음,없음,일산화탄소: -% / 탄화수소: -ppm,해당없음,올 뉴 투싼,2020년식
38579469,43소0869,2016/04/12,오토,LPG(일반인 구입),"137,085km",양호,양호,없음,없음,없음,일산화탄소: 0.01% / 탄화수소: 2ppm,해당없음,SM5 노바,2016년식
37740091,38두8617,2013/04/22,오토,가솔린,"99,097km",양호,양호,없음,없음,없음,일산화탄소: 0.08% / 탄화수소: 13ppm,해당없음,K3,2013년식
38374942,134너2102,2018/05/02,오토,가솔린,"103,847km",양호,양호,없음,없음,있음 / 렌트,일산화탄소: 0.02% / 탄화수소: 6ppm,해당없음,G70,2018년식
38617592,236머6448,2021/06/10,-,가솔린,"56,842km",양호,양호,없음,없음,없음,일산화탄소: 0% / 탄화수소: 0ppm,해당없음,더 뉴 말리부,2021년식
38543900,32노5331,2014/12/01,오토,가솔린,"103,626km",양호,양호,없음,없음,없음,일산화탄소: 0.02% / 탄화수소: 5ppm,해당 / 미이행,더 뉴 K7,2015년식
38294044,167어6557,2021/02/05,오토,가솔린,"87,626km",양호,양호,없음,없음,없음,일산화탄소: 0.06% / 탄화수소: 6ppm,해당없음,G90,2021년식
38118360,03거9651,2019/11/21,-,전기,"52,794km",양호,양호,없음,없음,없음,일산화탄소: -% / 탄화수소: -ppm,해당 / 이행,볼트 EV,2019년식
37496884,353어2299,2016/12/31,오토,LPG(일반인 구입),"150,474km",양호,양호,없음,없음,없음,일산화탄소: 0.00% / 탄화수소: 10ppm,해당없음,SM6,2016년식
38469459,230노2614,2021/09/14,오토,가솔린,"27,631km",양호,양호,없음,없음,없음,일산화탄소: 0.05% / 탄화수소: 7ppm,해당없음,티볼리 에어,2022년식
38583760,47주4819,2018/09/14,오토,디젤,"33,371km",양호,양호,없음,없음,없음,매연: 2.7%,해당없음,티볼리 에어,2019년식
38563280,246더8273,2022/01/18,-,가솔린,"45,244km",양호,양호,없음,없음,있음 / 렌트,일산화탄소: 0% / 탄화수소: 0ppm,해당없음,G80 (RG3),2022년식
38331754,60부5427,2010/01/19,-,가솔린,"75,481km",양호,양호,없음,없음,없음,일산화탄소: -% / 탄화수소: -ppm,해당없음,뉴SM5(신형),2010년식
38608675,41구1541,2012/01/03,오토,가솔린,"82,360km",양호,양호,없음,없음,없음,일산화탄소: 0.10% / 탄화수소: 10ppm,해당없음,아반떼 MD,2012년식
38086194,82러1576,2019/08/14,오토,디젤,"27,770km",양호,양호,있음 / 적법,없음,없음,매연: 6%,해당없음,렉스턴 스포츠 칸,2019년식
38241394,187루1038,2022/09/22,오토,디젤,"26,693km",양호,양호,없음,없음,없음,매연: 0%,해당없음,더 뉴 팰리세이드,2023년식
37730868,52구0749,2016/05/11,오토,디젤,"151,360km",양호,양호,없음,없음,없음,매연: 5%,해당없음,코란도 투리스모,2016년식
38149096,18마4836,2015/03/11,-,디젤,"233,522km",양호,양호,없음,없음,없음,매연: 5%,해당없음,뉴코란도 C,2015년식
38486590,184모8837,2022/11/09,오토,가솔린+전기,"39,118km",양호,양호,없음,없음,있음 / 렌트,일산화탄소: 0.01% / 탄화수소: 1ppm,해당없음,K5 하이브리드 3세대,2023년식
37740383,26두1964,2010/12/08,오토,가솔린,"131,149km",양호,양호,없음,없음,없음,일산화탄소: 0.10% / 탄화수소: 0.15ppm,해당없음,라세티 프리미어,2010년식
38324340,02수0378,2016/08/02,-,가솔린,"127,583km",양호,양호,없음,없음,없음,일산화탄소: 0.06% / 탄화수소: 6ppm,해당 / 이행,올 뉴 말리부,2017년식
38102136,55보0948,2016/05/18,-,디젤,"93,434km",양호,양호,없음,없음,없음,매연: 5%,해당없음,QM3,2016년식
38515079,23라0388,2016/06/16,오토,가솔린,"39,948km",양호,양호,없음,없음,없음,일산화탄소: 0% / 탄화수소: -ppm,해당없음,아반떼 AD,2017년식
38132960,28로0914,2016/03/22,오토,가솔린,"194,084km",양호,양호,없음,없음,없음,일산화탄소: 0.8% / 탄화수소: 23ppm,해당없음,EQ900,2016년식
38474277,151더6616,2020/03/18,오토,디젤,"54,907km",양호,양호,없음,없음,없음,매연: 4%,해당 / 미이행,GV80,2020년식
38518580,315구6290,2020/09/16,-,가솔린,"52,889km",양호,양호,없음,없음,있음 / 렌트,일산화탄소: 0.0% / 탄화수소: 1.0ppm,해당없음,셀토스,2021년식
38624240,251마1663,2020/09/21,오토,디젤,"101,000km",양호,양호,없음,없음,있음 / 렌트,매연: -%,해당 / 이행,GV80,2020년식
38419803,69오0287,2016/09/13,오토,LPG(일반인 구입),"128,690km",양호,양호,없음,없음,없음,일산화탄소: 0.2% / 탄화수소: 30ppm,해당 / 이행,SM6,2016년식
38507798,31루1655,2013/09/16,오토,가솔린+전기,"117,252km",양호,양호,없음,없음,없음,일산화탄소: 0.12% / 탄화수소: 22ppm,해당 / 미이행,쏘나타 하이브리드,2014년식
38621447,341루2542,2021/04/22,오토,가솔린,"58,786km",양호,양호,없음,없음,있음 / 렌트,일산화탄소: 0.0% / 탄화수소: 0ppm,해당없음,K5 3세대,2021년식
38434951,38모5397,2019/08/29,오토,디젤,"70,281km",양호,양호,없음,없음,없음,매연: -%,해당없음,G4 렉스턴,2019년식
38322193,152모9524,2024/06/11,-,가솔린,"6,587km",양호,양호,없음,없음,없음,일산화탄소: -% / 탄화수소: -ppm,해당없음,GV70,2025년식
38387194,228거4002,2019/09/23,-,가솔린,"124,979km",양호,양호,없음,없음,있음 / 렌트,일산화탄소: -% / 탄화수소: -ppm,해당 / 이행,그랜저 IG,2019년식
38066721,82우0289,2020/04/09,-,디젤,"99,036km",양호,양호,있음 / 적법 / 구조,없음,없음,매연: 3%,해당 / 미이행,렉스턴 스포츠,2020년식
38546157,202부4565,2021/04/26,-,가솔린,"72,500km",양호,양호,없음,없음,있음 / 렌트,일산화탄소: 0.08% / 탄화수소: 13ppm,해당없음,K8,2022년식
37950498,64모5702,2013/08/16,-,가솔린,"172,913km",양호,양호,없음,없음,없음,일산화탄소: 0.2% / 탄화수소: 32ppm,해당없음,K3,2013년식
38499135,146마3323,2022/10/31,-,가솔린,"14,626km",양호,양호,없음,없음,없음,일산화탄소: 0.01% / 탄화수소: 2ppm,해당없음,XM3,2023년식
38494233,55수7451,2019/07/05,-,LPG(일반인 구입),"73,291km",양호,양호,없음,없음,없음,일산화탄소: 0.05% / 탄화수소: 7ppm,해당없음,K7 프리미어,2020년식
38415631,149수8213,2022/12/27,오토,가솔린+전기,"21,379km",양호,양호,없음,없음,없음,일산화탄소: 0.01% / 탄화수소: 1ppm,해당 / 이행,아반떼 하이브리드 (CN7),2023년식
38110852,17다1838,2018/02/01,오토,가솔린,"63,090km",양호,양호,없음,없음,없음,일산화탄소: 0.05% / 탄화수소: 10ppm,해당없음,코나,2018년식
38547807,295도3013,2020/08/11,오토,가솔린,"8,364km",양호,양호,없음,없음,없음,일산화탄소: 0.2% / 탄화수소: 4ppm,해당없음,베리 뉴 티볼리,2021년식
38405832,304로9944,2022/07/04,-,가솔린,"142,982km",양호,양호,없음,없음,없음,일산화탄소: 0% / 탄화수소: 0ppm,해당없음,G90 (RS4),2022년식
38560722,58러5525,2015/06/10,오토,가솔린,"40,281km",양호,양호,없음,없음,없음,일산화탄소: 0.2% / 탄화수소: 17ppm,해당 / 이행,올 뉴 카니발,2016년식
38468860,102노1196,2022/06/29,-,가솔린,"7,683km",양호,양호,없음,없음,없음,일산화탄소: 0.02% / 탄화수소: 3ppm,해당없음,트레일블레이저,2022년식
38426175,02가1582,2017/12/12,오토,가솔린,"60,067km",양호,양호,없음,없음,없음,일산화탄소: 0.2% / 탄화수소: 22ppm,해당없음,더 넥스트 스파크,2018년식
38617689,286오3732,2022/09/01,-,가솔린,"28,591km",양호,양호,없음,없음,없음,일산화탄소: 0% / 탄화수소: 0ppm,해당없음,XM3,2023년식
37873595,69노4462,2022/08/02,-,전기,"16,199km",양호,양호,없음,없음,없음,일산화탄소: 0% / 탄화수소: 0ppm,해당 / 미이행,일렉트리파이드 G80 (RG3),2022년식
38384424,152너9262,2018/08/03,오토,가솔린,"50,408km",양호,양호,없음,없음,있음 / 렌트,일산화탄소: 0% / 탄화수소: 0ppm,해당 / 이행,올 뉴 K3,2019년식
38524372,178부6915,2020/11/03,-,가솔린,"100,688km",양호,양호,없음,없음,없음,일산화탄소: -% / 탄화수소: -ppm,해당 / 미이행,G90,2021년식
38612021,168머8100,2023/06/21,오토,가솔린,"43,236km",양호,양호,없음,없음,없음,일산화탄소: 0.1% / 탄화수소: 13ppm,해당없음,쏘렌토 4세대,2023년식
37923835,56머0719,2016/07/11,-,LPG(일반인 구입),"229,452km",양호,양호,없음,없음,없음,일산화탄소: 0.3% / 탄화수소: 23ppm,해당 / 이행,SM6,2016년식
38521846,88보9741,2015/12/22,오토,디젤,"120,855km",양호,양호,있음 / 적법,없음,없음,매연: 5%,해당없음,코란도 스포츠,2016년식
38082253,236무4731,2020/07/16,-,가솔린,"115,579km",양호,양호,없음,없음,있음 / 렌트,일산화탄소: -% / 탄화수소: -ppm,해당없음,아반떼 (CN7),2021년식
38086678,02수5681,2018/01/02,오토,가솔린,"59,212km",양호,양호,없음,없음,없음,일산화탄소: -% / 탄화수소: -ppm,해당없음,더 넥스트 스파크,2018년식
38632074,319루7435,2020/01/21,오토,가솔린,"71,396km",양호,양호,없음,없음,있음 / 렌트,일산화탄소: 0.12% / 탄화수소: 14ppm,해당없음,K5 3세대,2020년식
38599911,01모2085,2021/09/03,오토,전기,"65,123km",양호,양호,없음,없음,없음,일산화탄소: -% / 탄화수소: -ppm,해당없음,일렉트리파이드 G80 (RG3),2022년식
38395644,224수9894,2019/09/18,오토,가솔린,"78,742km",양호,양호,없음,없음,있음 / 렌트,일산화탄소: 0% / 탄화수소: 0ppm,해당없음,G80,2020년식
38286235,274러1916,2019/09/24,오토,가솔린,"41,780km",양호,양호,없음,없음,없음,일산화탄소: 0% / 탄화수소: 0ppm,해당없음,K7 프리미어,2020년식
37863668,177무3819,2021/05/08,오토,가솔린,"58,386km",양호,양호,없음,없음,없음,일산화탄소: 0.01% / 탄화수소: 4ppm,해당없음,더 뉴 스파크,2021년식
38563172,145서9240,2021/11/08,오토,가솔린,"30,939km",양호,양호,없음,없음,없음,일산화탄소: 0.2% / 탄화수소: 7ppm,해당 / 이행,G80 (RG3),2022년식
38454890,104수2398,2020/03/23,-,LPG(일반인 구입),"23,330km",양호,양호,없음,없음,없음,일산화탄소: 0.1% / 탄화수소: 10ppm,해당없음,SM6,2020년식
38577950,05무2869,2018/10/18,오토,디젤,"82,518km",양호,양호,없음,없음,없음,매연: 1%,해당없음,QM6,2019년식
38527331,48노9837,2018/10/30,오토,가솔린,"56,140km",양호,양호,없음,없음,없음,일산화탄소: 0.3% / 탄화수소: 34ppm,해당없음,G70,2019년식
38600266,249다6571,2022/10/21,오토,디젤,"19,857km",양호,양호,없음,없음,있음 / 렌트,매연: 2%,해당없음,더 뉴 팰리세이드,2023년식
38608000,230루6601,2020/04/20,오토,가솔린,"55,959km",양호,양호,없음,없음,없음,일산화탄소: 0.02% / 탄화수소: 2ppm,해당없음,G80 (RG3),2021년식
38561970,31다6480,2017/12/28,오토,디젤,"129,159km",양호,양호,없음,없음,없음,매연: 7%,해당 / 이행,QM6,2018년식
38482345,349서5869,2022/10/19,-,디젤,"39,406km",양호,양호,없음,없음,없음,매연: 1%,해당,더 뉴 팰리세이드,2023년식
38603804,164너9448,2020/08/31,오토,디젤,"61,767km",양호,양호,없음,없음,없음,매연: 2%,해당 / 이행,더 뉴 싼타페,2021년식
38065078,29주5321,2007/09/12,-,LPG(일반인 구입),"78,372km",양호,양호,없음,없음,없음,일산화탄소: -% / 탄화수소: -ppm,해당없음,NF 쏘나타,2008년식
37871705,119라1303,2022/07/08,-,가솔린,"6,898km",양호,양호,없음,없음,없음,일산화탄소: 0.08% / 탄화수소: 8ppm,해당없음,더 뉴 팰리세이드,2023년식
38592119,246오4626,2021/06/16,오토,디젤,"24,530km",양호,양호,없음,없음,없음,매연: 1%,해당 / 이행,카니발 4세대,2021년식
38552724,25로6162,2013/07/19,오토,디젤,"237,749km",양호,양호,없음,없음,없음,매연: -%,해당 / 미이행,올란도,2013년식
38626909,114루3565,2021/06/16,-,가솔린,"43,541km",양호,양호,없음,없음,없음,일산화탄소: -% / 탄화수소: -ppm,해당없음,더 뉴 스파크,2021년식
38122794,59조7532,2013/08/29,오토,가솔린,"199,376km",양호,양호,없음,없음,없음,일산화탄소: 0.1% / 탄화수소: 0.1ppm,해당없음,스파크,2014년식
38399328,304수8096,2020/09/22,-,디젤,"55,130km",양호,양호,없음,없음,없음,매연: 4%,해당없음,더 뉴 싼타페,2021년식
38589547,261노4258,2021/06/04,오토,디젤,"141,878km",양호,양호,없음,없음,없음,매연: 0%,해당없음,팰리세이드,2022년식
38580103,04무0456,2016/12/07,오토,가솔린,"73,315km",양호,양호,없음,없음,없음,일산화탄소: 0.10% / 탄화수소: 10ppm,해당 / 이행,더 뉴 트랙스,2017년식
38559637,267모7990,2022/08/18,오토,디젤,"44,025km",양호,양호,없음,없음,없음,매연: 1%,해당없음,카니발 4세대,2023년식
38029772,309부4279,2019/05/03,-,가솔린,"78,132km",양호,양호,있음 / 적법,없음,없음,일산화탄소: 0% / 탄화수소: 0ppm,해당 / 이행,G70,2019년식
35910520,319서9035,2018/06/25,오토,가솔린,"79,286km",양호,양호,없음,없음,없음,일산화탄소: 0% / 탄화수소: 0ppm,해당없음,G80,2018년식
38589786,32더0560,2016/06/20,오토,가솔린,"133,418km",양호,양호,없음,없음,없음,일산화탄소: 0.2% / 탄화수소: 19ppm,해당없음,말리부,2016년식
38295558,150나4635,2023/01/31,오토,가솔린,"22,123km",양호,양호,없음,없음,있음 / 렌트,일산화탄소: -% / 탄화수소: -ppm,해당없음,G90 (RS4),2023년식
38043202,42나1540,2017/07/03,-,가솔린,"94,426km",양호,양호,없음,없음,없음,일산화탄소: -% / 탄화수소: -ppm,해당 / 미이행,더 뉴 K3,2017년식
38550463,840고1665,2024/03/05,-,디젤,"7,133km",양호,양호,없음,없음,없음,매연: 0%,해당없음,스타리아,2024년식
38424408,152마6648,2020/09/07,오토,디젤,"85,477km",양호,양호,없음,없음,없음,매연: 0%,해당없음,베리 뉴 티볼리,2021년식
38490389,317보7661,2021/07/13,-,가솔린,"9,202km",양호,양호,없음,없음,없음,일산화탄소: -% / 탄화수소: -ppm,해당없음,더 뉴 스파크,2022년식
38265031,82머6337,2018/05/25,오토,디젤,"46,059km",양호,양호,있음 / 적법,없음,없음,매연: 1%,해당없음,렉스턴 스포츠,2018년식
38612692,115더6658,2021/04/14,오토,가솔린,"97,653km",양호,양호,없음,없음,있음 / 렌트,일산화탄소: 0.01% / 탄화수소: 1ppm,해당없음,더 뉴 레이,2021년식
38570278,14서8964,2015/09/18,오토,가솔린,"170,005km",양호,양호,없음,없음,없음,일산화탄소: -% / 탄화수소: 3ppm,해당없음,티볼리,2016년식
38308541,152오8758,2022/08/23,오토,가솔린,"36,591km",양호,양호,없음,없음,없음,일산화탄소: 0% / 탄화수소: 0ppm,해당없음,쏘나타 (DN8),2023년식
38417103,86더6012,2018/03/23,-,디젤,"91,692km",양호,양호,없음,없음,없음,매연: 3%,해당없음,렉스턴 스포츠,2018년식
37211494,15보5510,2022/11/28,-,전기,"24,727km",양호,양호,없음,없음,없음,일산화탄소: .% / 탄화수소: .ppm,해당없음,GV60,2022년식
38388727,367모3057,2022/01/13,-,가솔린,"1,550km",양호,양호,없음,없음,없음,일산화탄소: 0.01% / 탄화수소: 1ppm,해당없음,G80 (RG3),2022년식
38603799,249다6571,2022/10/21,오토,디젤,"19,857km",양호,양호,없음,없음,있음 / 렌트,매연: 2%,해당없음,더 뉴 팰리세이드,2023년식
38301333,70루7201,2018/03/26,-,디젤,"167,988km",양호,양호,있음 / 적법,없음,없음,매연: 6%,해당 / 이행,쏠라티,2018년식
38563767,05두6647,2017/09/11,오토,디젤,"52,840km",양호,양호,없음,없음,없음,매연: 1.3%,해당없음,스토닉,2018년식
38576280,20라0514,2015/09/16,-,가솔린,"112,326km",양호,양호,없음,없음,없음,일산화탄소: -% / 탄화수소: -ppm,해당 / 이행,어메이징 뉴 크루즈,2015년식
38599002,174부2796,2021/10/06,-,가솔린,"98,836km",양호,양호,없음,없음,있음 / 렌트,일산화탄소: 0.3% / 탄화수소: 11ppm,해당없음,더 뉴 그랜저 IG,2022년식
37766673,28루1591,2017/08/11,-,가솔린,"65,645km",양호,양호,없음,없음,없음,일산화탄소: 0.01% / 탄화수소: 1ppm,해당 / 이행,G80,2018년식
38261212,10로6754,2021/08/23,오토,전기,"24,337km",양호,양호,없음,없음,있음 / 렌트,일산화탄소: -% / 탄화수소: -ppm,해당 / 이행,일렉트리파이드 G80 (RG3),2022년식
38558628,52다8421,2017/12/08,오토,가솔린,"97,527km",양호,양호,없음,없음,없음,일산화탄소: 0.18% / 탄화수소: 20ppm,해당없음,G70,2018년식
38447138,203버9449,2017/11/07,-,LPG(일반인 구입),"60,494km",양호,양호,없음,없음,없음,일산화탄소: 0.03% / 탄화수소: 3ppm,해당없음,K5 2세대,2018년식
38212698,62저3799,2017/06/29,-,가솔린,"72,354km",양호,양호,없음,없음,없음,일산화탄소: -% / 탄화수소: -ppm,해당없음,올 뉴 카마로,2017년식
38626091,07다7361,2017/06/27,오토,가솔린+전기,"66,670km",양호,양호,없음,없음,없음,일산화탄소: 0.03% / 탄화수소: 4ppm,해당 / 이행,니로,2018년식
38635318,388누6663,2019/12/04,오토,LPG(일반인 구입),"123,271km",양호,양호,없음,없음,없음,일산화탄소: 0.23% / 탄화수소: 3ppm,해당없음,더 뉴 QM6,2020년식
38516254,101가2578,2020/12/28,오토,LPG(일반인 구입),"110,981km",양호,양호,없음,없음,없음,일산화탄소: 0.3% / 탄화수소: 13ppm,해당없음,더 뉴 QM6,2021년식
37778399,29조2860,2018/11/09,-,가솔린,"109,920km",양호,양호,없음,없음,없음,일산화탄소: -% / 탄화수소: -ppm,해당없음,SM6,2019년식
38173302,224무1568,2022/10/24,-,가솔린,"48,508km",양호,양호,없음,없음,없음,일산화탄소: -% / 탄화수소: -ppm,해당없음,더 뉴 스파크,2022년식
38391559,289노1839,2022/07/12,-,가솔린,"8,597km",양호,양호,없음,없음,없음,일산화탄소: 0.01% / 탄화수소: 1ppm,해당없음,더 뉴 K3 2세대,2022년식
37482591,04어2550,2021/06/17,오토,전기,"41,596km",양호,양호,없음,없음,있음 / 렌트,일산화탄소: -% / 탄화수소: -ppm,해당 / 이행,볼트 EV,2021년식
38611355,16더0190,2016/11/07,-,가솔린,"62,617km",양호,양호,없음,없음,없음,일산화탄소: 0.2% / 탄화수소: 22ppm,해당 / 이행,올 뉴 K7,2016년식
38052575,398조6773,2019/12/17,-,가솔린,"23,266km",양호,양호,없음,없음,없음,일산화탄소: 0.02% / 탄화수소: 2ppm,해당없음,올 뉴 투싼,2020년식
38429994,184어8183,2023/01/02,-,가솔린,"11,471km",양호,양호,없음,없음,없음,일산화탄소: 0% / 탄화수소: 0ppm,해당없음,베리 뉴 티볼리,2023년식
38448444,03더0881,2016/01/08,-,가솔린,"65,068km",양호,양호,없음,없음,없음,일산화탄소: 0.14% / 탄화수소: 21ppm,해당 / 이행,EQ900,2016년식
38608510,52무7631,2021/10/13,-,전기,"22,581km",양호,양호,없음,없음,없음,일산화탄소: -% / 탄화수소: -ppm,해당 / 미이행,아이오닉5,2022년식
38560090,07주0804,2015/11/24,오토,가솔린,"30,009km",양호,양호,없음,없음,없음,일산화탄소: 0.04% / 탄화수소: 2ppm,해당없음,티볼리,2016년식
38451023,137가7569,2021/02/18,오토,가솔린,"69,235km",양호,양호,없음,없음,있음 / 렌트,일산화탄소: 0.02% / 탄화수소: 1.0ppm,해당없음,더 뉴 그랜저 IG,2021년식
38389017,64마4294,2018/09/17,오토,가솔린,"46,600km",양호,양호,없음,없음,없음,일산화탄소: 0.3% / 탄화수소: 13ppm,해당 / 미이행,더 뉴 트랙스,2019년식
38566574,104라2087,2019/03/12,-,디젤,"163,826km",양호,양호,없음,없음,있음 / 렌트,매연: 4%,해당없음,더 뉴 쏘렌토,2020년식
38450525,05오6734,2019/05/24,-,가솔린,"93,357km",양호,양호,없음,없음,없음,일산화탄소: 0% / 탄화수소: 0ppm,해당 / 미이행,더 뉴 말리부,2019년식
38549367,65거5624,2017/03/13,-,디젤,"88,262km",양호,양호,있음 / 적법,없음,없음,매연: 5%,해당 / 이행,더 뉴 트랙스,2017년식
38017230,13거0857,2015/10/16,오토,디젤,"83,787km",양호,양호,없음,없음,없음,매연: 0%,해당없음,더 뉴 맥스크루즈,2016년식
38600129,332러2732,2019/01/15,오토,가솔린,"26,611km",양호,양호,없음,없음,있음 / 렌트,일산화탄소: 0.02% / 탄화수소: 5ppm,해당없음,더 뉴 트랙스,2019년식
38378061,02수2031,2017/09/28,-,디젤,"68,232km",양호,양호,없음,없음,없음,매연: -%,해당없음,QM6,2018년식
38063512,157더1693,2016/06/23,오토,가솔린,"65,547km",양호,양호,없음,없음,없음,일산화탄소: 0.2% / 탄화수소: 3ppm,해당없음,아반떼 AD,2017년식
38205465,36주2599,2014/10/28,-,가솔린,"155,134km",양호,양호,없음,없음,없음,일산화탄소: 0.08% / 탄화수소: 8ppm,해당없음,올 뉴 모닝,2015년식
37684024,130모3145,2022/08/31,오토,가솔린,"11,003km",양호,양호,없음,없음,없음,일산화탄소: 0% / 탄화수소: 0ppm,해당없음,XM3,2023년식
38290070,252루8219,2021/07/12,오토,가솔린,"34,256km",양호,양호,없음,없음,없음,일산화탄소: 0.00% / 탄화수소: 0ppm,해당없음,티볼리 에어,2022년식
37800889,82누5651,2014/08/29,수동,디젤,"107,381km",양호,양호,있음 / 적법,없음,없음,매연: 2.3%,해당없음,코란도 스포츠,2015년식
38474051,96가9409,2021/06/03,-,디젤,"86,220km",양호,양호,없음,없음,없음,매연: 1%,해당 / 미이행,더 뉴 렉스턴 스포츠 칸,2021년식
38597394,51라1096,2018/05/16,-,가솔린,"113,927km",양호,양호,없음,없음,없음,일산화탄소: 0% / 탄화수소: 0ppm,해당없음,올 뉴 K7,2018년식
38199775,101누8352,2020/07/06,오토,가솔린,"52,630km",양호,양호,없음,없음,있음 / 렌트,일산화탄소: 0% / 탄화수소: 0ppm,해당 / 미이행,XM3,2020년식
38451335,40누6807,2019/06/14,-,가솔린,"57,832km",양호,양호,없음,없음,없음,일산화탄소: 0.17% / 탄화수소: 16ppm,해당없음,올 뉴 K7,2019년식
38569897,133구8742,2022/09/27,-,가솔린,"15,841km",양호,양호,없음,없음,없음,일산화탄소: -% / 탄화수소: -ppm,해당없음,투싼 (NX4),2023년식
38511815,352수4895,2020/10/26,오토,가솔린,"50,479km",양호,양호,없음,없음,없음,일산화탄소: 0% / 탄화수소: 0ppm,해당없음,더 뉴 트랙스,2021년식
37701497,63저4445,2014/02/19,-,가솔린,"174,517km",양호,양호,없음,없음,없음,일산화탄소: 0.1% / 탄화수소: 20ppm,해당 / 이행,알페온,2014년식
38235758,194호7075,2022/08/16,오토,가솔린,"53,651km",양호,양호,없음,없음,있음 / 렌트,일산화탄소: -% / 탄화수소: -ppm,해당없음,G80 (RG3),2022년식
38113148,05러2396,2022/07/28,-,전기,"3,404km",양호,양호,없음,없음,있음 / 렌트,일산화탄소: -% / 탄화수소: -ppm,해당없음,기타,2022년식
38541861,49주5422,2012/11/14,오토,디젤,"82,798km",양호,양호,없음,없음,없음,매연: 8%,해당 / 이행,올란도,2013년식
37856161,130나9439,2016/07/21,-,가솔린+전기,"139,425km",양호,양호,있음 / 불법 / 장치,없음,없음,일산화탄소: 0.1% / 탄화수소: 2ppm,해당없음,LF 쏘나타 하이브리드,2017년식
38393628,320다8129,2017/10/27,오토,가솔린,"103,961km",양호,양호,없음,없음,없음,일산화탄소: 0.34% / 탄화수소: 50ppm,해당없음,올 뉴 말리부,2017년식
37627489,236구4830,2020/05/15,-,가솔린,"157,607km",양호,양호,없음,없음,있음 / 렌트,일산화탄소: 0% / 탄화수소: 0ppm,해당 / 이행,G80,2020년식
38633817,69버8102,2018/10/22,오토,디젤,"131,492km",양호,양호,없음,없음,없음,매연: 0%,해당없음,더 뉴 쏘렌토,2019년식
38537289,61저2214,2018/09/18,오토,가솔린,"48,804km",양호,양호,없음,없음,없음,일산화탄소: 0.12% / 탄화수소: 2ppm,해당 / 미이행,G70,2018년식
38362684,152너9226,2020/07/22,-,가솔린,"65,844km",양호,양호,없음,없음,있음 / 렌트,일산화탄소: 0.01% / 탄화수소: 1ppm,해당없음,더 뉴 레이,2021년식
38251544,252부1050,2022/07/15,-,디젤,"35,798km",양호,양호,없음,없음,없음,매연: 3%,해당없음,올 뉴 렉스턴,2023년식
38193750,117구6439,2021/12/21,-,가솔린,"12,584km",양호,양호,없음,없음,없음,일산화탄소: -% / 탄화수소: -ppm,해당없음,더 뉴 K3 2세대,2022년식
38332868,42무6059,2020/10/12,-,전기,"48,991km",양호,양호,없음,없음,없음,일산화탄소: 0% / 탄화수소: 0ppm,해당없음,더 뉴 아이오닉 일렉트릭,2020년식
37768667,43두8476,2011/09/19,오토,가솔린,"119,679km",양호,양호,없음,없음,없음,일산화탄소: 0.2% / 탄화수소: 19ppm,해당 / 이행,뉴SM5(신형),2011년식
38325248,313오4676,2017/10/10,-,가솔린,"175,792km",양호,양호,없음,없음,있음 / 렌트,일산화탄소: -% / 탄화수소: -ppm,해당없음,SM6,2017년식
38254634,255마2495,2018/11/21,오토,가솔린,"85,625km",양호,양호,없음,없음,있음 / 렌트,일산화탄소: 0.02% / 탄화수소: 3ppm,해당없음,G80,2019년식
38253200,45서0836,2016/01/06,오토,가솔린,"78,549km",양호,양호,없음,없음,없음,일산화탄소: 0.16% / 탄화수소: 19ppm,해당 / 이행,아베오 세단,2016년식
38353103,116다7504,2020/05/04,-,가솔린,"40,918km",양호,양호,없음,없음,없음,일산화탄소: 0.02% / 탄화수소: 5ppm,해당없음,베리 뉴 티볼리,2021년식
38371952,141호2507,2021/09/10,-,가솔린,"61,343km",양호,양호,없음,없음,없음,일산화탄소: 0% / 탄화수소: 0ppm,해당없음,G80 (RG3),2022년식
38423100,230가3213,2021/10/08,오토,가솔린,"39,732km",양호,양호,없음,없음,없음,일산화탄소: 0% / 탄화수소: 0ppm,해당 / 이행,G80 (RG3),2022년식
38633091,54조5812,2017/08/23,오토,가솔린,"38,070km",양호,양호,없음,없음,없음,일산화탄소: 0.11% / 탄화수소: 13ppm,해당없음,더 넥스트 스파크,2018년식
38556461,36나5570,2017/05/23,-,LPG(일반인 구입),"151,656km",양호,양호,없음,없음,없음,일산화탄소: -% / 탄화수소: -ppm,해당없음,올 뉴 모닝 (JA),2017년식
38487885,40노0984,2016/03/03,오토,디젤,"63,614km",양호,양호,없음,없음,없음,매연: 4.3%,해당없음,뉴코란도 C,2016년식
38320074,40오0246,2016/04/14,-,가솔린,"32,040km",양호,양호,없음,없음,없음,일산화탄소: 0% / 탄화수소: 0ppm,해당 / 이행,SM6,2016년식
38310749,197서1074,2023/05/16,-,디젤,"8,086km",양호,양호,없음,없음,없음,매연: 1%,해당 / 미이행,더 뉴 팰리세이드,2023년식
38447184,123가7456,2020/06/11,-,가솔린,"46,648km",양호,양호,없음,없음,없음,일산화탄소: 0.01% / 탄화수소: 3ppm,해당 / 이행,K5 3세대,2020년식
38509633,399가7315,2024/01/25,오토,가솔린,"11,766km",양호,양호,없음,없음,없음,일산화탄소: 0.01% / 탄화수소: 5ppm,해당없음,G80 (RG3),2025년식
38284606,91다4607,2022/07/06,오토,가솔린,"11,440km",양호,양호,없음,없음,없음,일산화탄소: 0.5% / 탄화수소: 1ppm,해당없음,리얼 뉴 콜로라도,2022년식
38619698,106조6716,2019/04/09,오토,디젤,"74,509km",양호,양호,없음,없음,없음,매연: 2%,해당없음,올 뉴 투싼,2019년식
38218997,168부9319,2021/09/16,오토,LPG(일반인 구입),"60,181km",양호,양호,없음,없음,없음,일산화탄소: 0.15% / 탄화수소: 15ppm,해당없음,더 뉴 QM6,2022년식
38400685,358저9292,2022/11/18,-,가솔린,"36,944km",양호,양호,없음,없음,없음,일산화탄소: 0.01% / 탄화수소: 2ppm,해당없음,K5 3세대,2023년식
38515598,62더0456,2012/08/01,오토,가솔린,"149,260km",양호,양호,없음,없음,없음,일산화탄소: -% / 탄화수소: -ppm,해당,뉴SM5(신형),2012년식
38331966,08도7121,2017/10/10,오토,디젤,"45,813km",양호,양호,없음,없음,없음,매연: 5%,해당없음,뉴QM3,2018년식
38608838,114조8441,2023/12/04,-,가솔린,"22,165km",양호,양호,없음,없음,없음,일산화탄소: 0% / 탄화수소: 0ppm,해당없음,더 뉴 카니발 4세대,2024년식
37476456,20다1413,2017/05/10,오토,가솔린,874km,양호,양호,없음,없음,없음,일산화탄소: 0% / 탄화수소: 0ppm,해당없음,티볼리 에어,2017년식
38639447,248두9439,2019/04/05,오토,가솔린,"118,728km",양호,양호,없음,없음,있음 / 렌트,일산화탄소: 0.01% / 탄화수소: 1ppm,해당없음,더 K9,2019년식
38284799,60우9084,2008/10/01,오토,가솔린,"175,919km",양호,양호,없음,없음,없음,일산화탄소: 0.13% / 탄화수소: 23ppm,해당없음,NF 쏘나타 트랜스폼,2009년식
38605995,47루2286,2012/10/15,오토,가솔린,"117,659km",양호,양호,없음,없음,없음,일산화탄소: 0.07% / 탄화수소: 9ppm,해당없음,스파크,2012년식
38173569,01보2598,2018/02/09,오토,디젤,"105,825km",양호,양호,없음,없음,없음,매연: 3.4%,해당없음,더 뉴 쏘렌토,2018년식
38513065,98오1172,2019/11/15,수동,디젤,"15,530km",양호,양호,없음,없음,없음,매연: 3%,해당없음,마스터,2019년식
38388180,37무8289,2012/08/24,오토,가솔린,"69,183km",양호,양호,없음,없음,없음,일산화탄소: 0.02% / 탄화수소: 23ppm,해당없음,아반떼 MD,2013년식
38539625,185무8012,2021/09/16,-,가솔린,"36,368km",양호,양호,없음,없음,없음,일산화탄소: 0% / 탄화수소: 0ppm,해당없음,K8,2022년식
38383093,64러1148,2012/03/02,오토,LPG(일반인 구입),"219,586km",양호,양호,없음,없음,없음,일산화탄소: 0.17% / 탄화수소: 28ppm,해당없음,뉴SM5(신형),2012년식
37482769,399러7684,2019/03/11,-,가솔린,"95,321km",양호,양호,없음,없음,있음 / 렌트,일산화탄소: 0% / 탄화수소: 0ppm,해당없음,더 뉴 레이,2019년식
37898687,22로8246,2015/07/28,오토,디젤,"151,727km",양호,양호,없음,없음,없음,매연: 10%,해당없음,QM3,2015년식
38357587,04우1204,2013/12/31,-,가솔린,"236,919km",양호,양호,없음,없음,있음 / 렌트,일산화탄소: 0% / 탄화수소: 0ppm,해당없음,에쿠스(신형),2014년식
38472983,168거3202,2020/01/20,오토,가솔린,"26,446km",양호,양호,없음,없음,없음,일산화탄소: -% / 탄화수소: 4ppm,해당없음,더 뉴 스파크,2020년식
36149894,26오7550,2014/08/27,-,LPG(일반인 구입),"139,453km",양호,양호,없음,없음,없음,일산화탄소: 0.05% / 탄화수소: 6ppm,해당없음,더 뉴 K5,2015년식
37393641,63마4494,2008/07/24,오토,가솔린,"118,626km",양호,양호,없음,없음,없음,일산화탄소: 0.01% / 탄화수소: 5ppm,해당없음,SM7 New Art,2008년식
38441608,97라1027,2021/10/05,-,가솔린,"41,457km",양호,양호,없음,없음,없음,일산화탄소: 0% / 탄화수소: 0ppm,해당없음,리얼 뉴 콜로라도,2021년식
38566821,137루8466,2021/02/03,-,디젤,"37,866km",양호,양호,없음,없음,없음,매연: 1%,해당 / 미이행,팰리세이드,2021년식
37203512,65구0571,2016/04/25,오토,가솔린+전기,"144,629km",양호,양호,없음,없음,없음,일산화탄소: 0.07% / 탄화수소: 11ppm,해당없음,LF 쏘나타 하이브리드,2016년식
38631651,93다4257,2021/09/13,-,가솔린+LPG,"40,382km",양호,양호,있음 / 적법,없음,없음,일산화탄소: 0% / 탄화수소: 0ppm,해당없음,리얼 뉴 콜로라도,2021년식
38397516,52더7810,2018/09/05,-,가솔린,"163,981km",양호,양호,없음,없음,없음,일산화탄소: 0.01% / 탄화수소: 5ppm,해당없음,SM3 네오,2018년식
38563143,26수1899,2013/08/16,-,가솔린+전기,"201,220km",양호,양호,없음,없음,없음,일산화탄소: 0% / 탄화수소: 0ppm,해당없음,K5 하이브리드,2013년식
38210685,138마3394,2021/07/20,-,가솔린,"29,394km",양호,양호,없음,없음,없음,일산화탄소: 0.01% / 탄화수소: 2ppm,해당,더 뉴 G70,2021년식
